"State","County","f0408","f0812","f1216"
"AL","Autauga",0,0,0
"AL","Baldwin",0,0,0
"AL","Barbour",0,1,-1
"AL","Bibb",0,0,0
"AL","Blount",0,0,0
"AL","Bullock",0,0,0
"AL","Butler",0,0,0
"AL","Calhoun",0,0,0
"AL","Chambers",0,0,0
"AL","Cherokee",0,0,0
"AL","Chilton",0,0,0
"AL","Choctaw",0,0,0
"AL","Clarke",0,0,0
"AL","Clay",0,0,0
"AL","Cleburne",0,0,0
"AL","Coffee",0,0,0
"AL","Colbert",0,0,0
"AL","Conecuh",0,1,-1
"AL","Coosa",0,0,0
"AL","Covington",0,0,0
"AL","Crenshaw",0,0,0
"AL","Cullman",0,0,0
"AL","Dale",0,0,0
"AL","Dallas",0,0,0
"AL","DeKalb",0,0,0
"AL","Elmore",0,0,0
"AL","Escambia",0,0,0
"AL","Etowah",0,0,0
"AL","Fayette",0,0,0
"AL","Franklin",0,0,0
"AL","Geneva",0,0,0
"AL","Greene",0,0,0
"AL","Hale",0,0,0
"AL","Henry",0,0,0
"AL","Houston",0,0,0
"AL","Jackson",0,0,0
"AL","Jefferson",1,0,0
"AL","Lamar",0,0,0
"AL","Lauderdale",0,0,0
"AL","Lawrence",0,0,0
"AL","Lee",0,0,0
"AL","Limestone",0,0,0
"AL","Lowndes",0,0,0
"AL","Macon",0,0,0
"AL","Madison",0,0,0
"AL","Marengo",1,0,0
"AL","Marion",0,0,0
"AL","Marshall",0,0,0
"AL","Mobile",0,0,0
"AL","Monroe",0,0,0
"AL","Montgomery",0,0,0
"AL","Morgan",0,0,0
"AL","Perry",0,0,0
"AL","Pickens",0,0,0
"AL","Pike",0,0,0
"AL","Randolph",0,0,0
"AL","Russell",0,0,0
"AL","Shelby",0,0,0
"AL","St. Clair",0,0,0
"AL","Sumter",0,0,0
"AL","Talladega",0,0,0
"AL","Tallapoosa",0,0,0
"AL","Tuscaloosa",0,0,0
"AL","Walker",0,0,0
"AL","Washington",0,0,0
"AL","Wilcox",0,0,0
"AL","Winston",0,0,0
"AR","Arkansas",0,0,0
"AR","Ashley",0,0,0
"AR","Baxter",0,0,0
"AR","Benton",0,0,0
"AR","Boone",0,0,0
"AR","Bradley",-1,0,0
"AR","Calhoun",0,0,0
"AR","Carroll",0,0,0
"AR","Chicot",0,0,0
"AR","Clark",-1,0,0
"AR","Clay",-1,0,0
"AR","Cleburne",0,0,0
"AR","Cleveland",0,0,0
"AR","Columbia",0,0,0
"AR","Conway",0,0,0
"AR","Craighead",0,0,0
"AR","Crawford",0,0,0
"AR","Crittenden",0,0,0
"AR","Cross",0,0,0
"AR","Dallas",0,0,0
"AR","Desha",0,0,0
"AR","Drew",0,0,0
"AR","Faulkner",0,0,0
"AR","Franklin",0,0,0
"AR","Fulton",0,0,0
"AR","Garland",0,0,0
"AR","Grant",0,0,0
"AR","Greene",0,0,0
"AR","Hempstead",-1,0,0
"AR","Hot Spring",0,0,0
"AR","Howard",0,0,0
"AR","Independence",0,0,0
"AR","Izard",0,0,0
"AR","Jackson",-1,0,0
"AR","Jefferson",0,0,0
"AR","Johnson",0,0,0
"AR","Lafayette",0,0,0
"AR","Lawrence",-1,0,0
"AR","Lee",0,0,0
"AR","Lincoln",-1,0,0
"AR","Little River",-1,0,0
"AR","Logan",0,0,0
"AR","Lonoke",0,0,0
"AR","Madison",0,0,0
"AR","Marion",0,0,0
"AR","Miller",0,0,0
"AR","Mississippi",-1,0,0
"AR","Monroe",-1,0,0
"AR","Montgomery",0,0,0
"AR","Nevada",0,0,0
"AR","Newton",0,0,0
"AR","Ouachita",0,0,0
"AR","Perry",0,0,0
"AR","Phillips",0,0,0
"AR","Pike",0,0,0
"AR","Poinsett",-1,0,0
"AR","Polk",0,0,0
"AR","Pope",0,0,0
"AR","Prairie",0,0,0
"AR","Pulaski",0,0,0
"AR","Randolph",-1,0,0
"AR","Saint Francis",0,0,0
"AR","Saline",0,0,0
"AR","Scott",0,0,0
"AR","Searcy",0,0,0
"AR","Sebastian",0,0,0
"AR","Sevier",0,0,0
"AR","Sharp",0,0,0
"AR","Stone",0,0,0
"AR","Union",0,0,0
"AR","Van Buren",0,0,0
"AR","Washington",0,0,0
"AR","White",0,0,0
"AR","Woodruff",0,0,-1
"AR","Yell",0,0,0
"AZ","Apache",0,0,0
"AZ","Cochise",0,0,0
"AZ","Coconino",0,0,0
"AZ","Gila",0,0,0
"AZ","Graham",0,0,0
"AZ","Greenlee",0,0,0
"AZ","La Paz",0,0,0
"AZ","Maricopa",0,0,0
"AZ","Mohave",0,0,0
"AZ","Navajo",0,0,0
"AZ","Pima",0,0,0
"AZ","Pinal",0,0,0
"AZ","Santa Cruz",0,0,0
"AZ","Yavapai",0,0,0
"AZ","Yuma",0,0,0
"CA","Alameda",0,0,0
"CA","Alpine",0,0,0
"CA","Amador",0,0,0
"CA","Butte",1,-1,0
"CA","Calaveras",0,0,0
"CA","Colusa",0,0,0
"CA","Contra Costa",0,0,0
"CA","Del Norte",0,0,0
"CA","El Dorado",0,0,0
"CA","Fresno",1,-1,1
"CA","Glenn",0,0,0
"CA","Humboldt",0,0,0
"CA","Imperial",0,0,0
"CA","Inyo",0,0,0
"CA","Kern",0,0,0
"CA","Kings",0,0,0
"CA","Lake",0,0,0
"CA","Lassen",0,0,0
"CA","Los Angeles",0,0,0
"CA","Madera",0,0,0
"CA","Marin",0,0,0
"CA","Mariposa",0,0,0
"CA","Mendocino",0,0,0
"CA","Merced",1,0,0
"CA","Modoc",0,0,0
"CA","Mono",0,0,0
"CA","Monterey",0,0,0
"CA","Napa",0,0,0
"CA","Nevada",1,-1,1
"CA","Orange",0,0,1
"CA","Placer",0,0,0
"CA","Plumas",0,0,0
"CA","Riverside",1,-1,1
"CA","Sacramento",0,0,0
"CA","San Benito",0,0,0
"CA","San Bernardino",1,0,0
"CA","San Diego",1,0,0
"CA","San Francisco",0,0,0
"CA","San Joaquin",1,0,0
"CA","San Luis Obispo",1,0,0
"CA","San Mateo",0,0,0
"CA","Santa Barbara",0,0,0
"CA","Santa Clara",0,0,0
"CA","Santa Cruz",0,0,0
"CA","Shasta",0,0,0
"CA","Sierra",0,0,0
"CA","Siskiyou",0,0,0
"CA","Solano",0,0,0
"CA","Sonoma",0,0,0
"CA","Stanislaus",1,0,0
"CA","Sutter",0,0,0
"CA","Tehama",0,0,0
"CA","Trinity",1,-1,0
"CA","Tulare",0,0,0
"CA","Tuolumne",0,0,0
"CA","Ventura",1,0,0
"CA","Yolo",0,0,0
"CA","Yuba",0,0,0
"CO","Adams",0,0,0
"CO","Alamosa",1,0,0
"CO","Arapahoe",1,0,0
"CO","Archuleta",0,0,0
"CO","Baca",0,0,0
"CO","Bent",0,0,0
"CO","Boulder",0,0,0
"CO","Broomfield",1,0,0
"CO","Chaffee",0,1,-1
"CO","Cheyenne",0,0,0
"CO","Clear Creek",0,0,0
"CO","Conejos",0,0,-1
"CO","Costilla",0,0,0
"CO","Crowley",0,0,0
"CO","Custer",0,0,0
"CO","Delta",0,0,0
"CO","Denver",0,0,0
"CO","Dolores",0,0,0
"CO","Douglas",0,0,0
"CO","Eagle",0,0,0
"CO","El Paso",0,0,0
"CO","Elbert",0,0,0
"CO","Fremont",0,0,0
"CO","Garfield",0,0,0
"CO","Gilpin",0,0,0
"CO","Grand",0,0,0
"CO","Gunnison",0,0,0
"CO","Hinsdale",0,0,0
"CO","Huerfano",1,0,-1
"CO","Jackson",0,0,0
"CO","Jefferson",1,0,0
"CO","Kiowa",0,0,0
"CO","Kit Carson",0,0,0
"CO","La Plata",0,0,0
"CO","Lake",0,0,0
"CO","Larimer",1,0,0
"CO","Las Animas",0,0,-1
"CO","Lincoln",0,0,0
"CO","Logan",0,0,0
"CO","Mesa",0,0,0
"CO","Mineral",0,0,0
"CO","Moffat",0,0,0
"CO","Montezuma",0,0,0
"CO","Montrose",0,0,0
"CO","Morgan",0,0,0
"CO","Otero",0,0,0
"CO","Ouray",1,0,0
"CO","Park",0,0,0
"CO","Phillips",0,0,0
"CO","Pitkin",0,0,0
"CO","Prowers",0,0,0
"CO","Pueblo",0,0,0
"CO","Rio Blanco",0,0,0
"CO","Rio Grande",0,0,0
"CO","Routt",0,0,0
"CO","Saguache",0,0,0
"CO","San Juan",0,0,0
"CO","San Miguel",0,0,0
"CO","Sedgwick",0,0,0
"CO","Summit",0,0,0
"CO","Teller",0,0,0
"CO","Washington",0,0,0
"CO","Weld",0,0,0
"CO","Yuma",0,0,0
"CT","Fairfield",0,0,0
"CT","Hartford",0,0,0
"CT","Litchfield",1,-1,0
"CT","Middlesex",0,0,0
"CT","New Haven",0,0,0
"CT","New London",0,0,0
"CT","Tolland",0,0,0
"CT","Windham",0,0,-1
"DC","Ward 1",0,0,0
"DC","Ward 2",0,0,0
"DC","Ward 3",0,0,0
"DC","Ward 4",0,0,0
"DC","Ward 5",0,0,0
"DC","Ward 6",0,0,0
"DC","Ward 7",0,0,0
"DC","Ward 8",0,0,0
"DE","Kent",1,0,-1
"DE","New Castle",0,0,0
"DE","Sussex",0,0,0
"FL","Alachua",0,0,0
"FL","Baker",0,0,0
"FL","Bay",0,0,0
"FL","Bradford",0,0,0
"FL","Brevard",0,0,0
"FL","Broward",0,0,0
"FL","Calhoun",0,0,0
"FL","Charlotte",0,0,0
"FL","Citrus",0,0,0
"FL","Clay",0,0,0
"FL","Collier",0,0,0
"FL","Columbia",0,0,0
"FL","DeSoto",0,0,0
"FL","Dixie",0,0,0
"FL","Duval",0,0,0
"FL","Escambia",0,0,0
"FL","Flagler",1,-1,0
"FL","Franklin",0,0,0
"FL","Gadsden",0,0,0
"FL","Gilchrist",0,0,0
"FL","Glades",0,0,0
"FL","Gulf",0,0,0
"FL","Hamilton",0,0,0
"FL","Hardee",0,0,0
"FL","Hendry",0,0,0
"FL","Hernando",0,0,0
"FL","Highlands",0,0,0
"FL","Hillsborough",1,0,0
"FL","Holmes",0,0,0
"FL","Indian River",0,0,0
"FL","Jackson",0,0,0
"FL","Jefferson",0,0,-1
"FL","Lafayette",0,0,0
"FL","Lake",0,0,0
"FL","Lee",0,0,0
"FL","Leon",0,0,0
"FL","Levy",0,0,0
"FL","Liberty",0,0,0
"FL","Madison",0,0,0
"FL","Manatee",0,0,0
"FL","Marion",0,0,0
"FL","Martin",0,0,0
"FL","Miami-Dade",0,0,0
"FL","Monroe",0,0,-1
"FL","Nassau",0,0,0
"FL","Okaloosa",0,0,0
"FL","Okeechobee",0,0,0
"FL","Orange",0,0,0
"FL","Osceola",1,0,0
"FL","Palm Beach",0,0,0
"FL","Pasco",0,0,0
"FL","Pinellas",1,0,-1
"FL","Polk",0,0,0
"FL","Putnam",0,0,0
"FL","Santa Rosa",0,0,0
"FL","Sarasota",0,0,0
"FL","Seminole",0,0,0
"FL","St. Johns",0,0,0
"FL","St. Lucie",0,0,-1
"FL","Sumter",0,0,0
"FL","Suwannee",0,0,0
"FL","Taylor",0,0,0
"FL","Union",0,0,0
"FL","Volusia",0,-1,0
"FL","Wakulla",0,0,0
"FL","Walton",0,0,0
"FL","Washington",0,0,0
"GA","Appling",0,0,0
"GA","Atkinson",0,0,0
"GA","Bacon",0,0,0
"GA","Baker",0,0,-1
"GA","Baldwin",1,0,0
"GA","Banks",0,0,0
"GA","Barrow",0,0,0
"GA","Bartow",0,0,0
"GA","Ben Hill",0,0,0
"GA","Berrien",0,0,0
"GA","Bibb",0,0,0
"GA","Bleckley",0,0,0
"GA","Brantley",0,0,0
"GA","Brooks",0,0,0
"GA","Bryan",0,0,0
"GA","Bulloch",0,0,0
"GA","Burke",1,0,0
"GA","Butts",0,0,0
"GA","Calhoun",0,0,0
"GA","Camden",0,0,0
"GA","Candler",0,0,0
"GA","Carroll",0,0,0
"GA","Catoosa",0,0,0
"GA","Charlton",0,0,0
"GA","Chatham",0,0,0
"GA","Chattahoochee",1,-1,0
"GA","Chattooga",0,0,0
"GA","Cherokee",0,0,0
"GA","Clarke",0,0,0
"GA","Clay",0,0,0
"GA","Clayton",0,0,0
"GA","Clinch",0,0,0
"GA","Cobb",0,0,1
"GA","Coffee",0,0,0
"GA","Colquitt",0,0,0
"GA","Columbia",0,0,0
"GA","Cook",0,0,0
"GA","Coweta",0,0,0
"GA","Crawford",0,0,0
"GA","Crisp",0,0,0
"GA","Dade",0,0,0
"GA","Dawson",0,0,0
"GA","Decatur",0,0,0
"GA","DeKalb",0,0,0
"GA","Dodge",0,0,0
"GA","Dooly",0,0,-1
"GA","Dougherty",0,0,0
"GA","Douglas",1,0,0
"GA","Early",0,1,-1
"GA","Echols",0,0,0
"GA","Effingham",0,0,0
"GA","Elbert",0,0,0
"GA","Emanuel",0,0,0
"GA","Evans",0,0,0
"GA","Fannin",0,0,0
"GA","Fayette",0,0,0
"GA","Floyd",0,0,0
"GA","Forsyth",0,0,0
"GA","Franklin",0,0,0
"GA","Fulton",0,0,0
"GA","Gilmer",0,0,0
"GA","Glascock",0,0,0
"GA","Glynn",0,0,0
"GA","Gordon",0,0,0
"GA","Grady",0,0,0
"GA","Greene",0,0,0
"GA","Gwinnett",0,0,1
"GA","Habersham",0,0,0
"GA","Hall",0,0,0
"GA","Hancock",0,0,0
"GA","Haralson",0,0,0
"GA","Harris",0,0,0
"GA","Hart",0,0,0
"GA","Heard",0,0,0
"GA","Henry",0,0,1
"GA","Houston",0,0,0
"GA","Irwin",0,0,0
"GA","Jackson",0,0,0
"GA","Jasper",0,0,0
"GA","Jeff Davis",0,0,0
"GA","Jefferson",0,0,0
"GA","Jenkins",0,0,0
"GA","Johnson",0,0,0
"GA","Jones",0,0,0
"GA","Lamar",0,0,0
"GA","Lanier",0,0,0
"GA","Laurens",0,0,0
"GA","Lee",0,0,0
"GA","Liberty",0,0,0
"GA","Lincoln",0,0,0
"GA","Long",0,0,0
"GA","Lowndes",0,0,0
"GA","Lumpkin",0,0,0
"GA","Macon",0,0,0
"GA","Madison",0,0,0
"GA","Marion",0,0,0
"GA","McDuffie",0,0,0
"GA","McIntosh",0,0,0
"GA","Meriwether",0,0,0
"GA","Miller",0,0,0
"GA","Mitchell",0,0,0
"GA","Monroe",0,0,0
"GA","Montgomery",0,0,0
"GA","Morgan",0,0,0
"GA","Murray",0,0,0
"GA","Muscogee",0,0,0
"GA","Newton",1,0,0
"GA","Oconee",0,0,0
"GA","Oglethorpe",0,0,0
"GA","Paulding",0,0,0
"GA","Peach",1,0,-1
"GA","Pickens",0,0,0
"GA","Pierce",0,0,0
"GA","Pike",0,0,0
"GA","Polk",0,0,0
"GA","Pulaski",0,0,0
"GA","Putnam",0,0,0
"GA","Quitman",0,0,-1
"GA","Rabun",0,0,0
"GA","Randolph",0,0,0
"GA","Richmond",0,0,0
"GA","Rockdale",1,0,0
"GA","Schley",0,0,0
"GA","Screven",0,0,0
"GA","Seminole",0,0,0
"GA","Spalding",0,0,0
"GA","Stephens",0,0,0
"GA","Stewart",0,0,0
"GA","Sumter",1,0,0
"GA","Talbot",0,0,0
"GA","Taliaferro",0,0,0
"GA","Tattnall",0,0,0
"GA","Taylor",0,0,0
"GA","Telfair",0,0,0
"GA","Terrell",0,0,0
"GA","Thomas",0,0,0
"GA","Tift",0,0,0
"GA","Toombs",0,0,0
"GA","Towns",0,0,0
"GA","Treutlen",0,0,0
"GA","Troup",0,0,0
"GA","Turner",0,0,0
"GA","Twiggs",0,0,-1
"GA","Union",0,0,0
"GA","Upson",0,0,0
"GA","Walker",0,0,0
"GA","Walton",0,0,0
"GA","Ware",0,0,0
"GA","Warren",0,0,0
"GA","Washington",1,0,0
"GA","Wayne",0,0,0
"GA","Webster",-1,0,0
"GA","Wheeler",0,0,0
"GA","White",0,0,0
"GA","Whitfield",0,0,0
"GA","Wilcox",0,0,0
"GA","Wilkes",0,0,0
"GA","Wilkinson",0,0,0
"GA","Worth",0,0,0
"HI","Hawaii",0,0,0
"HI","Honolulu",0,0,0
"HI","Kauai",0,0,0
"HI","Maui",0,0,0
"IA","Adair",0,0,0
"IA","Adams",1,-1,0
"IA","Allamakee",1,0,-1
"IA","Appanoose",0,0,0
"IA","Audubon",1,-1,0
"IA","Benton",0,-1,0
"IA","Black Hawk",0,0,0
"IA","Boone",0,0,-1
"IA","Bremer",1,0,-1
"IA","Buchanan",0,0,-1
"IA","Buena Vista",0,0,0
"IA","Butler",0,0,0
"IA","Calhoun",0,0,0
"IA","Carroll",1,-1,0
"IA","Cass",0,0,0
"IA","Cedar",1,0,-1
"IA","Cerro Gordo",0,0,-1
"IA","Cherokee",0,0,0
"IA","Chickasaw",0,0,-1
"IA","Clarke",0,0,-1
"IA","Clay",0,0,0
"IA","Clayton",0,0,-1
"IA","Clinton",0,0,-1
"IA","Crawford",1,-1,0
"IA","Dallas",0,0,0
"IA","Davis",0,0,0
"IA","Decatur",0,0,0
"IA","Delaware",1,-1,0
"IA","Des Moines",0,0,-1
"IA","Dickinson",0,0,0
"IA","Dubuque",0,0,-1
"IA","Emmet",1,-1,0
"IA","Fayette",0,0,-1
"IA","Floyd",0,0,-1
"IA","Franklin",1,-1,0
"IA","Fremont",0,0,0
"IA","Greene",1,-1,0
"IA","Grundy",0,0,0
"IA","Guthrie",0,0,0
"IA","Hamilton",1,-1,0
"IA","Hancock",0,0,0
"IA","Hardin",1,-1,0
"IA","Harrison",0,0,0
"IA","Henry",0,0,0
"IA","Howard",0,0,-1
"IA","Humboldt",0,0,0
"IA","Ida",0,0,0
"IA","Iowa",1,-1,0
"IA","Jackson",0,0,-1
"IA","Jasper",0,0,-1
"IA","Jefferson",0,0,-1
"IA","Johnson",0,0,0
"IA","Jones",0,0,-1
"IA","Keokuk",0,0,0
"IA","Kossuth",1,-1,0
"IA","Lee",0,0,-1
"IA","Linn",0,0,0
"IA","Louisa",1,0,-1
"IA","Lucas",0,0,0
"IA","Lyon",0,0,0
"IA","Madison",0,0,0
"IA","Mahaska",0,0,0
"IA","Marion",0,0,0
"IA","Marshall",1,0,-1
"IA","Mills",0,0,0
"IA","Mitchell",0,0,-1
"IA","Monona",0,0,0
"IA","Monroe",0,0,0
"IA","Montgomery",0,0,0
"IA","Muscatine",0,0,-1
"IA","O'Brien",0,0,0
"IA","Osceola",0,0,0
"IA","Page",0,0,0
"IA","Palo Alto",1,-1,0
"IA","Plymouth",0,0,0
"IA","Pocahontas",0,0,0
"IA","Polk",0,0,0
"IA","Pottawattamie",0,0,0
"IA","Poweshiek",0,0,-1
"IA","Ringgold",0,0,0
"IA","Sac",0,0,0
"IA","Scott",0,0,0
"IA","Shelby",0,0,0
"IA","Sioux",0,0,0
"IA","Story",0,0,0
"IA","Tama",0,0,-1
"IA","Taylor",0,0,0
"IA","Union",1,0,-1
"IA","Van Buren",0,0,0
"IA","Wapello",0,0,-1
"IA","Warren",1,-1,0
"IA","Washington",0,0,0
"IA","Wayne",0,0,0
"IA","Webster",0,0,-1
"IA","Winnebago",1,-1,0
"IA","Winneshiek",0,0,-1
"IA","Woodbury",0,0,0
"IA","Worth",0,0,-1
"IA","Wright",0,0,0
"ID","Ada",0,0,0
"ID","Adams",0,0,0
"ID","Bannock",0,0,0
"ID","Bear Lake",0,0,0
"ID","Benewah",0,0,0
"ID","Bingham",0,0,0
"ID","Blaine",0,0,0
"ID","Boise",0,0,0
"ID","Bonner",0,0,0
"ID","Bonneville",0,0,0
"ID","Boundary",0,0,0
"ID","Butte",0,0,0
"ID","Camas",0,0,0
"ID","Canyon",0,0,0
"ID","Caribou",0,0,0
"ID","Cassia",0,0,0
"ID","Clark",0,0,0
"ID","Clearwater",0,0,0
"ID","Custer",0,0,0
"ID","Elmore",0,0,0
"ID","Franklin",0,0,0
"ID","Fremont",0,0,0
"ID","Gem",0,0,0
"ID","Gooding",0,0,0
"ID","Idaho County",0,0,0
"ID","Jefferson",0,0,0
"ID","Jerome",0,0,0
"ID","Kootenai",0,0,0
"ID","Latah",1,0,0
"ID","Lemhi",0,0,0
"ID","Lewis",0,0,0
"ID","Lincoln",0,0,0
"ID","Madison",0,0,0
"ID","Minidoka",0,0,0
"ID","Nez Perce",0,0,0
"ID","Oneida",0,0,0
"ID","Owyhee",0,0,0
"ID","Payette",0,0,0
"ID","Power",0,0,0
"ID","Shoshone",0,0,0
"ID","Teton",1,-1,0
"ID","Twin Falls",0,0,0
"ID","Valley",0,0,0
"ID","Washington",0,0,0
"IL","Adams",0,0,0
"IL","Alexander",0,0,-1
"IL","Bond",0,0,0
"IL","Boone",1,-1,0
"IL","Brown",0,0,0
"IL","Bureau",1,-1,0
"IL","Calhoun",0,-1,0
"IL","Carroll",1,0,-1
"IL","Cass",1,-1,0
"IL","Champaign",0,0,0
"IL","Christian",0,0,0
"IL","Clark",0,0,0
"IL","Clay",0,0,0
"IL","Clinton",0,0,0
"IL","Coles",1,-1,0
"IL","Cook",0,0,0
"IL","Crawford",0,0,0
"IL","Cumberland",0,0,0
"IL","DeKalb",1,0,0
"IL","DeWitt",0,0,0
"IL","Douglas",0,0,0
"IL","DuPage",1,0,0
"IL","Edgar",0,0,0
"IL","Edwards",0,0,0
"IL","Effingham",0,0,0
"IL","Fayette",0,0,0
"IL","Ford",0,0,0
"IL","Franklin",0,0,0
"IL","Fulton",0,0,-1
"IL","Gallatin",1,-1,0
"IL","Greene",0,0,0
"IL","Grundy",1,-1,0
"IL","Hamilton",0,0,0
"IL","Hancock",0,0,0
"IL","Hardin",0,0,0
"IL","Henderson",0,0,-1
"IL","Henry",1,0,-1
"IL","Iroquois",0,0,0
"IL","Jackson",0,0,0
"IL","Jasper",0,0,0
"IL","Jefferson",0,0,0
"IL","Jersey",0,0,0
"IL","JoDaviess",1,0,-1
"IL","Johnson",0,0,0
"IL","Kane",1,0,0
"IL","Kankakee",1,-1,0
"IL","Kendall",1,-1,0
"IL","Knox",0,0,-1
"IL","Lake",1,0,0
"IL","LaSalle",1,-1,0
"IL","Lawrence",0,0,0
"IL","Lee",0,0,0
"IL","Livingston",0,0,0
"IL","Logan",0,0,0
"IL","Macon",1,-1,0
"IL","Macoupin",1,-1,0
"IL","Madison",0,-1,0
"IL","Marion",0,0,0
"IL","Marshall",0,0,0
"IL","Mason",1,-1,0
"IL","Massac",0,0,0
"IL","McDonough",1,-1,0
"IL","McHenry",1,-1,0
"IL","McLean",1,-1,0
"IL","Menard",0,0,0
"IL","Mercer",0,0,-1
"IL","Monroe",0,0,0
"IL","Montgomery",1,-1,0
"IL","Morgan",0,0,0
"IL","Moultrie",0,0,0
"IL","Ogle",0,0,0
"IL","Peoria",0,0,0
"IL","Perry",0,0,0
"IL","Piatt",0,0,0
"IL","Pike",0,0,0
"IL","Pope",0,0,0
"IL","Pulaski",1,-1,0
"IL","Putnam",0,0,-1
"IL","Randolph",0,0,0
"IL","Richland",0,0,0
"IL","Rock Island",0,0,0
"IL","Saline",0,0,0
"IL","Sangamon",1,-1,0
"IL","Schuyler",1,-1,0
"IL","Scott",0,0,0
"IL","Shelby",0,0,0
"IL","St. Clair",0,0,0
"IL","Stark",0,0,0
"IL","Stephenson",1,-1,0
"IL","Tazewell",0,0,0
"IL","Union",0,0,0
"IL","Vermilion",1,-1,0
"IL","Wabash",0,0,0
"IL","Warren",1,0,-1
"IL","Washington",0,0,0
"IL","Wayne",0,0,0
"IL","White",0,0,0
"IL","Whiteside",0,0,-1
"IL","Will",1,0,0
"IL","Williamson",0,0,0
"IL","Winnebago",1,0,-1
"IL","Woodford",0,0,0
"IN","Adams",0,0,0
"IN","Allen",0,0,0
"IN","Bartholomew",0,0,0
"IN","Benton",0,0,0
"IN","Blackford",0,0,0
"IN","Boone",0,0,0
"IN","Brown",0,0,0
"IN","Carroll",0,0,0
"IN","Cass",0,0,0
"IN","Clark",0,0,0
"IN","Clay",0,0,0
"IN","Clinton",0,0,0
"IN","Crawford",0,0,0
"IN","Daviess",0,0,0
"IN","Dearborn",0,0,0
"IN","Decatur",0,0,0
"IN","DeKalb",0,0,0
"IN","Delaware",1,0,-1
"IN","Dubois",0,0,0
"IN","Elkhart",0,0,0
"IN","Fayette",0,0,0
"IN","Floyd",0,0,0
"IN","Fountain",0,0,0
"IN","Franklin",0,0,0
"IN","Fulton",0,0,0
"IN","Gibson",0,0,0
"IN","Grant",0,0,0
"IN","Greene",0,0,0
"IN","Hamilton",0,0,0
"IN","Hancock",0,0,0
"IN","Harrison",0,0,0
"IN","Hendricks",0,0,0
"IN","Henry",0,0,0
"IN","Howard",0,0,0
"IN","Huntington",0,0,0
"IN","Jackson",0,0,0
"IN","Jasper",0,0,0
"IN","Jay",0,0,0
"IN","Jefferson",0,0,0
"IN","Jennings",0,0,0
"IN","Johnson",0,0,0
"IN","Knox",0,0,0
"IN","Kosciusko",0,0,0
"IN","LaGrange",0,0,0
"IN","Lake",0,0,0
"IN","LaPorte",0,0,-1
"IN","Lawrence",0,0,0
"IN","Madison",1,-1,0
"IN","Marion",0,0,0
"IN","Marshall",0,0,0
"IN","Martin",0,0,0
"IN","Miami",0,0,0
"IN","Monroe",0,0,0
"IN","Montgomery",0,0,0
"IN","Morgan",0,0,0
"IN","Newton",0,0,0
"IN","Noble",0,0,0
"IN","Ohio",0,0,0
"IN","Orange",0,0,0
"IN","Owen",0,0,0
"IN","Parke",0,0,0
"IN","Perry",1,0,-1
"IN","Pike",0,0,0
"IN","Porter",1,0,-1
"IN","Posey",0,0,0
"IN","Pulaski",0,0,0
"IN","Putnam",0,0,0
"IN","Randolph",0,0,0
"IN","Ripley",0,0,0
"IN","Rush",0,0,0
"IN","Scott",0,0,0
"IN","Shelby",0,0,0
"IN","Spencer",1,-1,0
"IN","St. Joseph",1,0,0
"IN","Starke",1,-1,0
"IN","Steuben",0,0,0
"IN","Sullivan",0,0,0
"IN","Switzerland",0,0,0
"IN","Tippecanoe",1,-1,0
"IN","Tipton",0,0,0
"IN","Union",0,0,0
"IN","Vanderburgh",1,-1,0
"IN","Vermillion",1,-1,0
"IN","Vigo",1,0,-1
"IN","Wabash",0,0,0
"IN","Warren",0,0,0
"IN","Warrick",0,0,0
"IN","Washington",0,0,0
"IN","Wayne",0,0,0
"IN","Wells",0,0,0
"IN","White",0,0,0
"IN","Whitley",0,0,0
"KS","Allen",0,0,0
"KS","Anderson",0,0,0
"KS","Atchison",0,0,0
"KS","Barber",0,0,0
"KS","Barton",0,0,0
"KS","Bourbon",0,0,0
"KS","Brown",0,0,0
"KS","Butler",0,0,0
"KS","Chase",0,0,0
"KS","Chautauqua",0,0,0
"KS","Cherokee",0,0,0
"KS","Cheyenne",0,0,0
"KS","Clark",0,0,0
"KS","Clay",0,0,0
"KS","Cloud",0,0,0
"KS","Coffey",0,0,0
"KS","Comanche",0,0,0
"KS","Cowley",0,0,0
"KS","Crawford",1,-1,0
"KS","Decatur",0,0,0
"KS","Dickinson",0,0,0
"KS","Doniphan",0,0,0
"KS","Douglas",0,0,0
"KS","Edwards",0,0,0
"KS","Elk",0,0,0
"KS","Ellis",0,0,0
"KS","Ellsworth",0,0,0
"KS","Finney",0,0,0
"KS","Ford",0,0,0
"KS","Franklin",0,0,0
"KS","Geary",0,0,0
"KS","Gove",0,0,0
"KS","Graham",0,0,0
"KS","Grant",0,0,0
"KS","Gray",0,0,0
"KS","Greeley",0,0,0
"KS","Greenwood",0,0,0
"KS","Hamilton",0,0,0
"KS","Harper",0,0,0
"KS","Harvey",0,0,0
"KS","Haskell",0,0,0
"KS","Hodgeman",0,0,0
"KS","Jackson",0,0,0
"KS","Jefferson",0,0,0
"KS","Jewell",0,0,0
"KS","Johnson",0,0,0
"KS","Kearny",0,0,0
"KS","Kingman",0,0,0
"KS","Kiowa",0,0,0
"KS","Labette",0,0,0
"KS","Lane",0,0,0
"KS","Leavenworth",0,0,0
"KS","Lincoln",0,0,0
"KS","Linn",0,0,0
"KS","Logan",0,0,0
"KS","Lyon",0,0,0
"KS","Marion",0,0,0
"KS","Marshall",0,0,0
"KS","McPherson",0,0,0
"KS","Meade",0,0,0
"KS","Miami",0,0,0
"KS","Mitchell",0,0,0
"KS","Montgomery",0,0,0
"KS","Morris",0,0,0
"KS","Morton",0,0,0
"KS","Nemaha",0,0,0
"KS","Neosho",0,0,0
"KS","Ness",0,0,0
"KS","Norton",0,0,0
"KS","Osage",0,0,0
"KS","Osborne",0,0,0
"KS","Ottawa",0,0,0
"KS","Pawnee",0,0,0
"KS","Phillips",0,0,0
"KS","Pottawatomie",0,0,0
"KS","Pratt",0,0,0
"KS","Rawlins",0,0,0
"KS","Reno",0,0,0
"KS","Republic",0,0,0
"KS","Rice",0,0,0
"KS","Riley",0,0,0
"KS","Rooks",0,0,0
"KS","Rush",0,0,0
"KS","Russell",0,0,0
"KS","Saline",0,0,0
"KS","Scott",0,0,0
"KS","Sedgwick",0,0,0
"KS","Seward",0,0,0
"KS","Shawnee",0,0,0
"KS","Sheridan",0,0,0
"KS","Sherman",0,0,0
"KS","Smith",0,0,0
"KS","Stafford",0,0,0
"KS","Stanton",0,0,0
"KS","Stevens",0,0,0
"KS","Sumner",0,0,0
"KS","Thomas",0,0,0
"KS","Trego",0,0,0
"KS","Wabaunsee",0,0,0
"KS","Wallace",0,0,0
"KS","Washington",0,0,0
"KS","Wichita",0,0,0
"KS","Wilson",0,0,0
"KS","Woodson",0,0,0
"KS","Wyandotte",0,0,0
"KY","Adair",0,0,0
"KY","Allen",0,0,0
"KY","Anderson",0,0,0
"KY","Ballard",0,0,0
"KY","Barren",0,0,0
"KY","Bath",-1,0,0
"KY","Bell",0,0,0
"KY","Boone",0,0,0
"KY","Bourbon",0,0,0
"KY","Boyd",0,0,0
"KY","Boyle",0,0,0
"KY","Bracken",0,0,0
"KY","Breathitt",-1,0,0
"KY","Breckinridge",0,0,0
"KY","Bullitt",0,0,0
"KY","Butler",0,0,0
"KY","Caldwell",0,0,0
"KY","Calloway",0,0,0
"KY","Campbell",0,0,0
"KY","Carlisle",0,0,0
"KY","Carroll",0,0,0
"KY","Carter",-1,0,0
"KY","Casey",0,0,0
"KY","Christian",0,0,0
"KY","Clark",0,0,0
"KY","Clay",0,0,0
"KY","Clinton",0,0,0
"KY","Crittenden",0,0,0
"KY","Cumberland",0,0,0
"KY","Daviess",0,0,0
"KY","Edmonson",0,0,0
"KY","Elliott",0,0,-1
"KY","Estill",0,0,0
"KY","Fayette",1,0,0
"KY","Fleming",0,0,0
"KY","Floyd",-1,0,0
"KY","Franklin",0,1,-1
"KY","Fulton",0,0,0
"KY","Gallatin",0,0,0
"KY","Garrard",0,0,0
"KY","Grant",0,0,0
"KY","Graves",0,0,0
"KY","Grayson",0,0,0
"KY","Green",0,0,0
"KY","Greenup",0,0,0
"KY","Hancock",1,-1,0
"KY","Hardin",0,0,0
"KY","Harlan",0,0,0
"KY","Harrison",0,0,0
"KY","Hart",0,0,0
"KY","Henderson",1,-1,0
"KY","Henry",0,0,0
"KY","Hickman",0,0,0
"KY","Hopkins",0,0,0
"KY","Jackson",0,0,0
"KY","Jefferson",0,0,0
"KY","Jessamine",0,0,0
"KY","Johnson",0,0,0
"KY","Kenton",0,0,0
"KY","Knott",-1,0,0
"KY","Knox",0,0,0
"KY","LaRue",0,0,0
"KY","Laurel",0,0,0
"KY","Lawrence",0,0,0
"KY","Lee",0,0,0
"KY","Leslie",0,0,0
"KY","Letcher",0,0,0
"KY","Lewis",0,0,0
"KY","Lincoln",0,0,0
"KY","Livingston",0,0,0
"KY","Logan",0,0,0
"KY","Lyon",0,0,0
"KY","Madison",0,0,0
"KY","Magoffin",-1,0,0
"KY","Marion",0,0,0
"KY","Marshall",0,0,0
"KY","Martin",0,0,0
"KY","Mason",0,0,0
"KY","McCracken",0,0,0
"KY","McCreary",0,0,0
"KY","McLean",0,0,0
"KY","Meade",0,0,0
"KY","Menifee",0,-1,0
"KY","Mercer",0,0,0
"KY","Metcalfe",0,0,0
"KY","Monroe",0,0,0
"KY","Montgomery",0,0,0
"KY","Morgan",0,0,0
"KY","Muhlenberg",0,0,0
"KY","Nelson",0,0,0
"KY","Nicholas",0,0,0
"KY","Ohio",0,0,0
"KY","Oldham",0,0,0
"KY","Owen",0,0,0
"KY","Owsley",0,0,0
"KY","Pendleton",0,0,0
"KY","Perry",0,0,0
"KY","Pike",-1,0,0
"KY","Powell",0,0,0
"KY","Pulaski",0,0,0
"KY","Robertson",0,0,0
"KY","Rockcastle",0,0,0
"KY","Rowan",0,-1,0
"KY","Russell",0,0,0
"KY","Scott",0,0,0
"KY","Shelby",0,0,0
"KY","Simpson",0,0,0
"KY","Spencer",0,0,0
"KY","Taylor",0,0,0
"KY","Todd",0,0,0
"KY","Trigg",0,0,0
"KY","Trimble",0,0,0
"KY","Union",0,0,0
"KY","Warren",0,0,0
"KY","Washington",0,0,0
"KY","Wayne",0,0,0
"KY","Webster",0,0,0
"KY","Whitley",0,0,0
"KY","Wolfe",0,-1,0
"KY","Woodford",0,0,0
"LA","Acadia",0,0,0
"LA","Allen",0,0,0
"LA","Ascension",0,0,0
"LA","Assumption",-1,0,0
"LA","Avoyelles",0,0,0
"LA","Beauregard",0,0,0
"LA","Bienville",0,0,0
"LA","Bossier",0,0,0
"LA","Caddo",1,0,0
"LA","Calcasieu",0,0,0
"LA","Caldwell",0,0,0
"LA","Cameron",0,0,0
"LA","Catahoula",0,0,0
"LA","Claiborne",0,0,0
"LA","Concordia",0,0,0
"LA","DeSoto",0,0,0
"LA","East Baton Rouge",1,0,0
"LA","East Carroll",0,0,0
"LA","East Feliciana",0,0,0
"LA","Evangeline",0,0,0
"LA","Franklin",0,0,0
"LA","Grant",0,0,0
"LA","Iberia",0,0,0
"LA","Iberville",0,0,0
"LA","Jackson",0,0,0
"LA","Jefferson",0,0,0
"LA","Jefferson Davis",0,0,0
"LA","Lafayette",0,0,0
"LA","Lafourche",0,0,0
"LA","LaSalle",0,0,0
"LA","Lincoln",0,0,0
"LA","Livingston",0,0,0
"LA","Madison",0,0,0
"LA","Morehouse",0,0,0
"LA","Natchitoches",0,0,0
"LA","Orleans",0,0,0
"LA","Ouachita",0,0,0
"LA","Plaquemines",0,0,0
"LA","Pointe Coupee",-1,0,0
"LA","Rapides",0,0,0
"LA","Red River",0,0,0
"LA","Richland",0,0,0
"LA","Sabine",0,0,0
"LA","St. Bernard",0,0,0
"LA","St. Charles",0,0,0
"LA","St. Helena",0,0,0
"LA","St. James",0,0,0
"LA","St. John the Baptist",0,0,0
"LA","St. Landry",0,0,0
"LA","St. Martin",0,0,0
"LA","St. Mary",0,0,0
"LA","St. Tammany",0,0,0
"LA","Tangipahoa",0,0,0
"LA","Tensas",0,0,0
"LA","Terrebonne",0,0,0
"LA","Union",0,0,0
"LA","Vermilion",0,0,0
"LA","Vernon",0,0,0
"LA","Washington",0,0,0
"LA","Webster",0,0,0
"LA","West Baton Rouge",0,0,0
"LA","West Carroll",0,0,0
"LA","West Feliciana",0,0,0
"LA","Winn",0,0,0
"MA","Barnstable",0,0,0
"MA","Berkshire",0,0,0
"MA","Bristol",0,0,0
"MA","Dukes",0,0,0
"MA","Essex",0,0,0
"MA","Franklin",0,0,0
"MA","Hampden",0,0,0
"MA","Hampshire",0,0,0
"MA","Middlesex",0,0,0
"MA","Nantucket",0,0,0
"MA","Norfolk",0,0,0
"MA","Plymouth",0,0,0
"MA","Suffolk",0,0,0
"MA","Worcester",0,0,0
"MD","Allegany",0,0,0
"MD","Anne Arundel",0,0,1
"MD","Baltimore",0,0,0
"MD","Baltimore City",0,0,0
"MD","Calvert",0,0,0
"MD","Caroline",0,0,0
"MD","Carroll",0,0,0
"MD","Cecil",0,0,0
"MD","Charles",0,0,0
"MD","Dorchester",0,0,0
"MD","Frederick",0,0,0
"MD","Garrett",0,0,0
"MD","Harford",0,0,0
"MD","Howard",0,0,0
"MD","Kent",1,-1,0
"MD","Montgomery",0,0,0
"MD","Prince George's",0,0,0
"MD","Queen Anne's",0,0,0
"MD","Somerset",0,1,-1
"MD","St. Mary's",0,0,0
"MD","Talbot",0,0,0
"MD","Washington",0,0,0
"MD","Wicomico",0,0,0
"MD","Worcester",0,0,0
"ME","Androscoggin",0,0,-1
"ME","Aroostook",0,0,-1
"ME","Cumberland",0,0,0
"ME","Franklin",0,0,-1
"ME","Hancock",0,0,0
"ME","Kennebec",0,0,-1
"ME","Knox",0,0,0
"ME","Lincoln",0,0,0
"ME","Oxford",0,0,-1
"ME","Penobscot",0,0,-1
"ME","Piscataquis",0,0,0
"ME","Sagadahoc",0,0,0
"ME","Somerset",0,0,-1
"ME","Waldo",0,0,0
"ME","Washington",1,0,-1
"ME","York",0,0,0
"MI","Alcona",0,0,0
"MI","Alger",0,-1,0
"MI","Allegan",0,0,0
"MI","Alpena",1,-1,0
"MI","Antrim",0,0,0
"MI","Arenac",0,-1,0
"MI","Baraga",0,0,0
"MI","Barry",0,0,0
"MI","Bay",0,0,-1
"MI","Benzie",1,-1,0
"MI","Berrien",1,-1,0
"MI","Branch",0,0,0
"MI","Calhoun",1,0,-1
"MI","Cass",1,-1,0
"MI","Charlevoix",0,0,0
"MI","Cheboygan",0,0,0
"MI","Chippewa",0,0,0
"MI","Clare",1,-1,0
"MI","Clinton",1,-1,0
"MI","Crawford",0,0,0
"MI","Delta",1,-1,0
"MI","Dickinson",0,0,0
"MI","Eaton",1,0,-1
"MI","Emmet",0,0,0
"MI","Genesee",0,0,0
"MI","Gladwin",1,-1,0
"MI","Gogebic",0,0,-1
"MI","Grand Traverse",0,0,0
"MI","Gratiot",1,-1,0
"MI","Hillsdale",0,0,0
"MI","Houghton",0,0,0
"MI","Huron",0,0,0
"MI","Ingham",0,0,0
"MI","Ionia",0,0,0
"MI","Iosco",1,-1,0
"MI","Iron",1,-1,0
"MI","Isabella",0,0,-1
"MI","Jackson",1,-1,0
"MI","Kalamazoo",0,0,0
"MI","Kalkaska",0,0,0
"MI","Kent",1,-1,0
"MI","Keweenaw",0,0,0
"MI","Lake",0,0,-1
"MI","Lapeer",0,0,0
"MI","Leelanau",1,-1,0
"MI","Lenawee",1,-1,0
"MI","Livingston",0,0,0
"MI","Luce",0,0,0
"MI","Mackinac",0,0,0
"MI","Macomb",1,0,-1
"MI","Manistee",1,0,-1
"MI","Marquette",0,0,0
"MI","Mason",1,-1,0
"MI","Mecosta",0,0,0
"MI","Menominee",1,-1,0
"MI","Midland",0,0,0
"MI","Missaukee",0,0,0
"MI","Monroe",1,0,-1
"MI","Montcalm",0,0,0
"MI","Montmorency",0,0,0
"MI","Muskegon",0,0,0
"MI","Newaygo",0,0,0
"MI","Oakland",0,0,0
"MI","Oceana",1,-1,0
"MI","Ogemaw",1,-1,0
"MI","Ontonagon",1,-1,0
"MI","Osceola",0,0,0
"MI","Oscoda",0,0,0
"MI","Otsego",0,0,0
"MI","Ottawa",0,0,0
"MI","Presque Isle",1,-1,0
"MI","Roscommon",1,-1,0
"MI","Saginaw",0,0,-1
"MI","Sanilac",0,0,0
"MI","Schoolcraft",1,-1,0
"MI","Shiawassee",1,0,-1
"MI","St. Clair",1,-1,0
"MI","St. Joseph",0,0,0
"MI","Tuscola",0,0,0
"MI","Van Buren",1,0,-1
"MI","Washtenaw",0,0,0
"MI","Wayne",0,0,0
"MI","Wexford",0,0,0
"MN","Aitkin",1,-1,0
"MN","Anoka",0,0,0
"MN","Becker",0,0,0
"MN","Beltrami",0,0,-1
"MN","Benton",0,0,0
"MN","Big Stone",0,-1,0
"MN","Blue Earth",0,0,-1
"MN","Brown",0,0,0
"MN","Carlton",0,0,0
"MN","Carver",0,0,0
"MN","Cass",0,0,0
"MN","Chippewa",0,0,-1
"MN","Chisago",0,0,0
"MN","Clay",1,0,-1
"MN","Clearwater",0,0,0
"MN","Cook",0,0,0
"MN","Cottonwood",0,0,0
"MN","Crow Wing",0,0,0
"MN","Dakota",1,0,0
"MN","Dodge",0,0,0
"MN","Douglas",0,0,0
"MN","Faribault",0,0,0
"MN","Fillmore",0,0,-1
"MN","Freeborn",0,0,-1
"MN","Goodhue",0,0,0
"MN","Grant",1,-1,0
"MN","Hennepin",0,0,0
"MN","Houston",1,0,-1
"MN","Hubbard",0,0,0
"MN","Isanti",0,0,0
"MN","Itasca",0,0,-1
"MN","Jackson",0,0,0
"MN","Kanabec",0,0,0
"MN","Kandiyohi",0,0,0
"MN","Kittson",0,0,-1
"MN","Koochiching",0,0,-1
"MN","Lac Qui Parle",0,0,-1
"MN","Lake",0,0,0
"MN","Lake of the Woods",0,0,0
"MN","Le Sueur",0,0,0
"MN","Lincoln",1,-1,0
"MN","Lyon",0,0,0
"MN","Mahnomen",0,0,-1
"MN","Marshall",1,-1,0
"MN","Martin",0,0,0
"MN","McLeod",0,0,0
"MN","Meeker",0,0,0
"MN","Mille Lacs",0,0,0
"MN","Morrison",0,0,0
"MN","Mower",0,0,-1
"MN","Murray",1,-1,0
"MN","Nicollet",0,0,-1
"MN","Nobles",0,0,0
"MN","Norman",0,0,-1
"MN","Olmsted",1,0,0
"MN","Otter Tail",0,0,0
"MN","Pennington",1,-1,0
"MN","Pine",0,-1,0
"MN","Pipestone",0,0,0
"MN","Polk",1,-1,0
"MN","Pope",1,-1,0
"MN","Ramsey",0,0,0
"MN","Red Lake",1,-1,0
"MN","Redwood",0,0,0
"MN","Renville",0,0,0
"MN","Rice",0,0,-1
"MN","Rock",0,0,0
"MN","Roseau",0,0,0
"MN","Scott",0,0,0
"MN","Sherburne",0,0,0
"MN","Sibley",0,0,0
"MN","St. Louis",0,0,0
"MN","Stearns",0,0,0
"MN","Steele",0,0,0
"MN","Stevens",1,-1,0
"MN","Swift",0,0,-1
"MN","Todd",0,0,0
"MN","Traverse",1,0,-1
"MN","Wabasha",0,0,0
"MN","Wadena",0,0,0
"MN","Waseca",0,0,0
"MN","Washington",1,0,0
"MN","Watonwan",1,-1,0
"MN","Wilkin",0,0,0
"MN","Winona",0,0,-1
"MN","Wright",0,0,0
"MN","Yellow Medicine",1,-1,0
"MO","Adair",0,0,0
"MO","Andrew",0,0,0
"MO","Atchison",0,0,0
"MO","Audrain",0,0,0
"MO","Barry",0,0,0
"MO","Barton",0,0,0
"MO","Bates",0,0,0
"MO","Benton",0,0,0
"MO","Bollinger",0,0,0
"MO","Boone",1,0,0
"MO","Buchanan",1,-1,0
"MO","Butler",0,0,0
"MO","Caldwell",0,0,0
"MO","Callaway",0,0,0
"MO","Camden",0,0,0
"MO","Cape Girardeau",0,0,0
"MO","Carroll",0,0,0
"MO","Carter",0,0,0
"MO","Cass",0,0,0
"MO","Cedar",0,0,0
"MO","Chariton",0,0,0
"MO","Christian",0,0,0
"MO","Clark",0,0,0
"MO","Clay",0,0,0
"MO","Clinton",0,0,0
"MO","Cole",0,0,0
"MO","Cooper",0,0,0
"MO","Crawford",0,0,0
"MO","Dade",0,0,0
"MO","Dallas",0,0,0
"MO","Daviess",0,0,0
"MO","DeKalb",0,0,0
"MO","Dent",0,0,0
"MO","Douglas",0,0,0
"MO","Dunklin",0,0,0
"MO","Franklin",0,0,0
"MO","Gasconade",0,0,0
"MO","Gentry",0,0,0
"MO","Greene",0,0,0
"MO","Grundy",0,0,0
"MO","Harrison",0,0,0
"MO","Henry",0,0,0
"MO","Hickory",0,0,0
"MO","Holt",0,0,0
"MO","Howard",0,0,0
"MO","Howell",0,0,0
"MO","Iron",1,-1,0
"MO","Jackson",0,0,0
"MO","Jasper",0,0,0
"MO","Jefferson",1,-1,0
"MO","Johnson",0,0,0
"MO","Knox",0,0,0
"MO","LaClede",0,0,0
"MO","Lafayette",0,0,0
"MO","Lawrence",0,0,0
"MO","Lewis",0,0,0
"MO","Lincoln",0,0,0
"MO","Linn",0,0,0
"MO","Livingston",0,0,0
"MO","Macon",0,0,0
"MO","Madison",0,0,0
"MO","Maries",0,0,0
"MO","Marion",0,0,0
"MO","McDonald",0,0,0
"MO","Mercer",0,0,0
"MO","Miller",0,0,0
"MO","Mississippi",0,0,0
"MO","Moniteau",0,0,0
"MO","Monroe",0,0,0
"MO","Montgomery",0,0,0
"MO","Morgan",0,0,0
"MO","New Madrid",0,0,0
"MO","Newton",0,0,0
"MO","Nodaway",0,0,0
"MO","Oregon",0,0,0
"MO","Osage",0,0,0
"MO","Ozark",0,0,0
"MO","Pemiscot",0,0,0
"MO","Perry",0,0,0
"MO","Pettis",0,0,0
"MO","Phelps",0,0,0
"MO","Pike",0,0,0
"MO","Platte",0,0,0
"MO","Polk",0,0,0
"MO","Pulaski",0,0,0
"MO","Putnam",0,0,0
"MO","Ralls",0,0,0
"MO","Randolph",0,0,0
"MO","Ray",0,0,0
"MO","Reynolds",0,0,0
"MO","Ripley",0,0,0
"MO","Saline",0,0,0
"MO","Schuyler",0,0,0
"MO","Scotland",0,0,0
"MO","Scott",0,0,0
"MO","Shannon",0,0,0
"MO","Shelby",0,0,0
"MO","St. Charles",0,0,0
"MO","St. Clair",0,0,0
"MO","St. Francois",0,0,0
"MO","St. Louis City",0,0,0
"MO","St. Louis County",0,0,0
"MO","Ste. Genevieve",0,-1,0
"MO","Stoddard",0,0,0
"MO","Stone",0,0,0
"MO","Sullivan",0,0,0
"MO","Taney",0,0,0
"MO","Texas",0,0,0
"MO","Vernon",0,0,0
"MO","Warren",0,0,0
"MO","Washington",1,-1,0
"MO","Wayne",0,0,0
"MO","Webster",0,0,0
"MO","Worth",0,0,0
"MO","Wright",0,0,0
"MS","Adams",0,0,0
"MS","Alcorn",-1,0,0
"MS","Amite",0,0,0
"MS","Attala",0,0,0
"MS","Benton",-1,0,0
"MS","Bolivar",0,0,0
"MS","Calhoun",0,0,0
"MS","Carroll",0,0,0
"MS","Chickasaw",1,0,-1
"MS","Choctaw",0,0,0
"MS","Claiborne",0,0,0
"MS","Clarke",0,0,0
"MS","Clay",0,0,0
"MS","Coahoma",0,0,0
"MS","Copiah",1,0,0
"MS","Covington",0,0,0
"MS","DeSoto",0,0,0
"MS","Forrest",0,0,0
"MS","Franklin",0,0,0
"MS","George",0,0,0
"MS","Greene",0,0,0
"MS","Grenada",0,0,0
"MS","Hancock",0,0,0
"MS","Harrison",0,0,0
"MS","Hinds",0,0,0
"MS","Holmes",0,0,0
"MS","Humphreys",0,0,0
"MS","Issaquena",0,0,0
"MS","Itawamba",0,0,0
"MS","Jackson",0,0,0
"MS","Jasper",0,0,0
"MS","Jefferson",0,0,0
"MS","Jefferson Davis",0,0,0
"MS","Jones",0,0,0
"MS","Kemper",0,0,0
"MS","Lafayette",0,0,0
"MS","Lamar",0,0,0
"MS","Lauderdale",0,0,0
"MS","Lawrence",0,0,0
"MS","Leake",0,0,0
"MS","Lee",0,0,0
"MS","Leflore",0,0,0
"MS","Lincoln",0,0,0
"MS","Lowndes",0,0,0
"MS","Madison",0,0,0
"MS","Marion",0,0,0
"MS","Marshall",0,0,0
"MS","Monroe",0,0,0
"MS","Montgomery",0,0,0
"MS","Neshoba",0,0,0
"MS","Newton",0,0,0
"MS","Noxubee",0,0,0
"MS","Oktibbeha",1,0,0
"MS","Panola",1,0,-1
"MS","Pearl River",0,0,0
"MS","Perry",0,0,0
"MS","Pike",1,0,-1
"MS","Pontotoc",0,0,0
"MS","Prentiss",0,0,0
"MS","Quitman",0,0,0
"MS","Rankin",0,0,0
"MS","Scott",0,0,0
"MS","Sharkey",0,0,0
"MS","Simpson",0,0,0
"MS","Smith",0,0,0
"MS","Stone",0,0,0
"MS","Sunflower",0,0,0
"MS","Tallahatchie",0,0,0
"MS","Tate",0,0,0
"MS","Tippah",0,0,0
"MS","Tishomingo",0,0,0
"MS","Tunica",0,0,0
"MS","Union",0,0,0
"MS","Walthall",0,0,0
"MS","Warren",0,1,-1
"MS","Washington",0,0,0
"MS","Wayne",0,0,0
"MS","Webster",0,0,0
"MS","Wilkinson",0,0,0
"MS","Winston",-1,0,0
"MS","Yalobusha",0,0,0
"MS","Yazoo",1,0,0
"MT","Beaverhead",0,0,0
"MT","Big Horn",0,0,0
"MT","Blaine",1,0,-1
"MT","Broadwater",0,0,0
"MT","Carbon",0,0,0
"MT","Carter",0,0,0
"MT","Cascade",1,-1,0
"MT","Chouteau",0,0,0
"MT","Custer",0,0,0
"MT","Daniels",0,0,0
"MT","Dawson",0,0,0
"MT","Deer Lodge",0,0,0
"MT","Fallon",0,0,0
"MT","Fergus",0,0,0
"MT","Flathead",0,0,0
"MT","Gallatin",1,-1,1
"MT","Garfield",0,0,0
"MT","Glacier",0,0,0
"MT","Golden Valley",0,0,0
"MT","Granite",0,0,0
"MT","Hill",1,0,-1
"MT","Jefferson",0,0,0
"MT","Judith Basin",0,0,0
"MT","Lake",1,-1,0
"MT","Lewis and Clark",1,-1,0
"MT","Liberty",0,0,0
"MT","Lincoln",0,0,0
"MT","Madison",0,0,0
"MT","McCone",0,0,0
"MT","Meagher",0,0,0
"MT","Mineral",0,0,0
"MT","Missoula",0,0,0
"MT","Musselshell",0,0,0
"MT","Park",0,0,0
"MT","Petroleum",0,0,0
"MT","Phillips",0,0,0
"MT","Pondera",0,0,0
"MT","Powder River",0,0,0
"MT","Powell",0,0,0
"MT","Prairie",0,0,0
"MT","Ravalli",0,0,0
"MT","Richland",0,0,0
"MT","Roosevelt",0,0,-1
"MT","Rosebud",1,-1,0
"MT","Sanders",0,0,0
"MT","Sheridan",0,0,0
"MT","Silver Bow",0,0,0
"MT","Stillwater",0,0,0
"MT","Sweet Grass",0,0,0
"MT","Teton",0,0,0
"MT","Toole",0,0,0
"MT","Treasure",0,0,0
"MT","Valley",0,0,0
"MT","Wheatland",0,0,0
"MT","Wibaux",0,0,0
"MT","Yellowstone",0,0,0
"NC","Alamance",0,0,0
"NC","Alexander",0,0,0
"NC","Alleghany",0,0,0
"NC","Anson",0,0,0
"NC","Ashe",0,0,0
"NC","Avery",0,0,0
"NC","Beaufort",0,0,0
"NC","Bertie",0,0,0
"NC","Bladen",1,0,-1
"NC","Brunswick",0,0,0
"NC","Buncombe",1,0,0
"NC","Burke",0,0,0
"NC","Cabarrus",0,0,0
"NC","Caldwell",0,0,0
"NC","Camden",0,0,0
"NC","Carteret",0,0,0
"NC","Caswell",1,-1,0
"NC","Catawba",0,0,0
"NC","Chatham",0,0,0
"NC","Cherokee",0,0,0
"NC","Chowan",0,0,0
"NC","Clay",0,0,0
"NC","Cleveland",0,0,0
"NC","Columbus",0,0,0
"NC","Craven",0,0,0
"NC","Cumberland",1,0,0
"NC","Currituck",0,0,0
"NC","Dare",0,0,0
"NC","Davidson",0,0,0
"NC","Davie",0,0,0
"NC","Duplin",0,0,0
"NC","Durham",0,0,0
"NC","Edgecombe",0,0,0
"NC","Forsyth",1,0,0
"NC","Franklin",0,0,0
"NC","Gaston",0,0,0
"NC","Gates",0,0,-1
"NC","Graham",0,0,0
"NC","Granville",1,0,-1
"NC","Greene",0,0,0
"NC","Guilford",0,0,0
"NC","Halifax",0,0,0
"NC","Harnett",0,0,0
"NC","Haywood",0,0,0
"NC","Henderson",0,0,0
"NC","Hertford",0,0,0
"NC","Hoke",0,0,0
"NC","Hyde",1,-1,0
"NC","Iredell",0,0,0
"NC","Jackson",1,-1,0
"NC","Johnston",0,0,0
"NC","Jones",0,0,0
"NC","Lee",0,0,0
"NC","Lenoir",0,0,0
"NC","Lincoln",0,0,0
"NC","Macon",0,0,0
"NC","Madison",0,0,0
"NC","Martin",1,0,-1
"NC","McDowell",0,0,0
"NC","Mecklenburg",0,0,0
"NC","Mitchell",0,0,0
"NC","Montgomery",0,0,0
"NC","Moore",0,0,0
"NC","Nash",0,1,-1
"NC","New Hanover",0,0,0
"NC","Northampton",0,0,0
"NC","Onslow",0,0,0
"NC","Orange",0,0,0
"NC","Pamlico",0,0,0
"NC","Pasquotank",0,0,0
"NC","Pender",0,0,0
"NC","Perquimans",0,0,0
"NC","Person",0,0,0
"NC","Pitt",1,0,0
"NC","Polk",0,0,0
"NC","Randolph",0,0,0
"NC","Richmond",0,0,-1
"NC","Robeson",0,0,-1
"NC","Rockingham",0,0,0
"NC","Rowan",0,0,0
"NC","Rutherford",0,0,0
"NC","Sampson",0,0,0
"NC","Scotland",0,0,0
"NC","Stanly",0,0,0
"NC","Stokes",0,0,0
"NC","Surry",0,0,0
"NC","Swain",0,0,0
"NC","Transylvania",0,0,0
"NC","Tyrrell",0,0,0
"NC","Union",0,0,0
"NC","Vance",0,0,0
"NC","Wake",1,0,0
"NC","Warren",0,0,0
"NC","Washington",0,0,0
"NC","Watauga",1,-1,1
"NC","Wayne",0,0,0
"NC","Wilkes",0,0,0
"NC","Wilson",1,0,0
"NC","Yadkin",0,0,0
"NC","Yancey",0,0,0
"ND","Adams",0,0,0
"ND","Barnes",0,0,0
"ND","Benson",0,0,-1
"ND","Billings",0,0,0
"ND","Bottineau",0,0,0
"ND","Bowman",0,0,0
"ND","Burke",0,0,0
"ND","Burleigh",0,0,0
"ND","Cass",1,-1,0
"ND","Cavalier",0,0,0
"ND","Dickey",0,0,0
"ND","Divide",0,0,0
"ND","Dunn",0,0,0
"ND","Eddy",1,-1,0
"ND","Emmons",0,0,0
"ND","Foster",0,0,0
"ND","Golden Valley",0,0,0
"ND","Grand Forks",1,-1,0
"ND","Grant",0,0,0
"ND","Griggs",0,0,0
"ND","Hettinger",0,0,0
"ND","Kidder",0,0,0
"ND","LaMoure",0,0,0
"ND","Logan",0,0,0
"ND","McHenry",0,0,0
"ND","McIntosh",0,0,0
"ND","McKenzie",0,0,0
"ND","McLean",0,0,0
"ND","Mercer",0,0,0
"ND","Morton",0,0,0
"ND","Mountrail",1,-1,0
"ND","Nelson",1,-1,0
"ND","Oliver",0,0,0
"ND","Pembina",0,0,0
"ND","Pierce",0,0,0
"ND","Ramsey",0,0,0
"ND","Ransom",1,0,-1
"ND","Renville",0,0,0
"ND","Richland",0,0,0
"ND","Rolette",0,0,0
"ND","Sargent",1,0,-1
"ND","Sheridan",0,0,0
"ND","Sioux",0,0,0
"ND","Slope",0,0,0
"ND","Stark",0,0,0
"ND","Steele",0,0,-1
"ND","Stutsman",0,0,0
"ND","Towner",1,-1,0
"ND","Traill",1,-1,0
"ND","Walsh",0,0,0
"ND","Ward",0,0,0
"ND","Wells",0,0,0
"ND","Williams",0,0,0
"NE","Adams",0,0,0
"NE","Antelope",0,0,0
"NE","Arthur",0,0,0
"NE","Banner",0,0,0
"NE","Blaine",0,0,0
"NE","Boone",0,0,0
"NE","Box Butte",0,0,0
"NE","Boyd",0,0,0
"NE","Brown",0,0,0
"NE","Buffalo",0,0,0
"NE","Burt",0,0,0
"NE","Butler",0,0,0
"NE","Cass",0,0,0
"NE","Cedar",0,0,0
"NE","Chase",0,0,0
"NE","Cherry",0,0,0
"NE","Cheyenne",0,0,0
"NE","Clay",0,0,0
"NE","Colfax",0,0,0
"NE","Cuming",0,0,0
"NE","Custer",0,0,0
"NE","Dakota",0,0,0
"NE","Dawes",0,0,0
"NE","Dawson",0,0,0
"NE","Deuel",0,0,0
"NE","Dixon",0,0,0
"NE","Dodge",0,0,0
"NE","Douglas",1,-1,1
"NE","Dundy",0,0,0
"NE","Fillmore",0,0,0
"NE","Franklin",0,0,0
"NE","Frontier",0,0,0
"NE","Furnas",0,0,0
"NE","Gage",0,0,0
"NE","Garden",0,0,0
"NE","Garfield",0,0,0
"NE","Gosper",0,0,0
"NE","Grant",0,0,0
"NE","Greeley",0,0,0
"NE","Hall",0,0,0
"NE","Hamilton",0,0,0
"NE","Harlan",0,0,0
"NE","Hayes",0,0,0
"NE","Hitchcock",0,0,0
"NE","Holt",0,0,0
"NE","Hooker",0,0,0
"NE","Howard",0,0,0
"NE","Jefferson",0,0,0
"NE","Johnson",0,0,0
"NE","Kearney",0,0,0
"NE","Keith",0,0,0
"NE","Keya Paha",0,0,0
"NE","Kimball",0,0,0
"NE","Knox",0,0,0
"NE","Lancaster",1,-1,1
"NE","Lincoln",0,0,0
"NE","Logan",0,0,0
"NE","Loup",0,0,0
"NE","Madison",0,0,0
"NE","McPherson",0,0,0
"NE","Merrick",0,0,0
"NE","Morrill",0,0,0
"NE","Nance",0,0,0
"NE","Nemaha",0,0,0
"NE","Nuckolls",0,0,0
"NE","Otoe",0,0,0
"NE","Pawnee",0,0,0
"NE","Perkins",0,0,0
"NE","Phelps",0,0,0
"NE","Pierce",0,0,0
"NE","Platte",0,0,0
"NE","Polk",0,0,0
"NE","Red Willow",0,0,0
"NE","Richardson",0,0,0
"NE","Rock",0,0,0
"NE","Saline",1,-1,0
"NE","Sarpy",0,0,0
"NE","Saunders",0,0,0
"NE","Scotts Bluff",0,0,0
"NE","Seward",0,0,0
"NE","Sheridan",0,0,0
"NE","Sherman",0,0,0
"NE","Sioux",0,0,0
"NE","Stanton",0,0,0
"NE","Thayer",0,0,0
"NE","Thomas",0,0,0
"NE","Thurston",0,0,-1
"NE","Valley",0,0,0
"NE","Washington",0,0,0
"NE","Wayne",0,0,0
"NE","Webster",0,0,0
"NE","Wheeler",0,0,0
"NE","York",0,0,0
"NH","Belknap",1,-1,0
"NH","Carroll",1,-1,0
"NH","Cheshire",0,0,0
"NH","Coos",0,0,-1
"NH","Grafton",0,0,0
"NH","Hillsborough",1,0,-1
"NH","Merrimack",0,0,0
"NH","Rockingham",1,-1,0
"NH","Strafford",0,0,0
"NH","Sullivan",0,-1,0
"NJ","Atlantic",0,0,0
"NJ","Bergen",0,0,0
"NJ","Burlington",0,0,0
"NJ","Camden",0,0,0
"NJ","Cape May",0,0,0
"NJ","Cumberland",0,0,0
"NJ","Essex",0,0,0
"NJ","Gloucester",0,0,-1
"NJ","Hudson",0,0,0
"NJ","Hunterdon",0,0,0
"NJ","Mercer",0,0,0
"NJ","Middlesex",0,0,0
"NJ","Monmouth",0,0,0
"NJ","Morris",0,0,0
"NJ","Ocean",0,0,0
"NJ","Passaic",0,0,0
"NJ","Salem",1,0,-1
"NJ","Somerset",1,0,0
"NJ","Sussex",0,0,0
"NJ","Union",0,0,0
"NJ","Warren",0,0,0
"NM","Bernalillo",0,0,0
"NM","Catron",0,0,0
"NM","Chaves",0,0,0
"NM","Cibola",0,0,0
"NM","Colfax",1,0,-1
"NM","Curry",0,0,0
"NM","DeBaca",0,0,0
"NM","Dona Ana",0,0,0
"NM","Eddy",0,0,0
"NM","Grant",0,0,0
"NM","Guadalupe",0,0,0
"NM","Harding",0,0,0
"NM","Hidalgo",1,0,-1
"NM","Lea",0,0,0
"NM","Lincoln",0,0,0
"NM","Los Alamos",1,0,0
"NM","Luna",1,-1,0
"NM","McKinley",0,0,0
"NM","Mora",0,0,0
"NM","Otero",0,0,0
"NM","Quay",0,0,0
"NM","Rio Arriba",0,0,0
"NM","Roosevelt",0,0,0
"NM","San Juan",0,0,0
"NM","San Miguel",0,0,0
"NM","Sandoval",1,0,0
"NM","Santa Fe",0,0,0
"NM","Sierra",0,0,0
"NM","Socorro",0,0,0
"NM","Taos",0,0,0
"NM","Torrance",0,0,0
"NM","Union",0,0,0
"NM","Valencia",1,0,-1
"NV","Carson City",1,-1,0
"NV","Churchill",0,0,0
"NV","Clark",0,0,0
"NV","Douglas",0,0,0
"NV","Elko",0,0,0
"NV","Esmeralda",0,0,0
"NV","Eureka",0,0,0
"NV","Humboldt",0,0,0
"NV","Lander",0,0,0
"NV","Lincoln",0,0,0
"NV","Lyon",0,0,0
"NV","Mineral",0,0,0
"NV","Nye",0,0,0
"NV","Pershing",0,0,0
"NV","Storey",0,0,0
"NV","Washoe",1,0,0
"NV","White Pine",0,0,0
"NY","Albany",0,0,0
"NY","Allegany",0,0,0
"NY","Bronx",0,0,0
"NY","Broome",0,0,-1
"NY","Cattaraugus",0,0,0
"NY","Cayuga",1,0,-1
"NY","Chautauqua",1,-1,0
"NY","Chemung",0,0,0
"NY","Chenango",0,0,0
"NY","Clinton",1,0,0
"NY","Columbia",0,0,0
"NY","Cortland",1,0,-1
"NY","Delaware",0,0,0
"NY","Dutchess",1,0,-1
"NY","Erie",0,0,0
"NY","Essex",1,0,-1
"NY","Franklin",0,0,-1
"NY","Fulton",0,0,0
"NY","Genesee",0,0,0
"NY","Greene",0,0,0
"NY","Hamilton",0,0,0
"NY","Herkimer",0,0,0
"NY","Jefferson",0,0,0
"NY","Kings",0,0,0
"NY","Lewis",0,0,0
"NY","Livingston",0,0,0
"NY","Madison",1,0,-1
"NY","Monroe",0,0,0
"NY","Montgomery",0,0,0
"NY","Nassau",0,0,0
"NY","New York",0,0,0
"NY","Niagara",0,0,-1
"NY","Oneida",0,0,0
"NY","Onondaga",0,0,0
"NY","Ontario",0,0,0
"NY","Orange",1,0,-1
"NY","Orleans",0,0,0
"NY","Oswego",1,0,-1
"NY","Otsego",1,0,-1
"NY","Putnam",0,0,0
"NY","Queens",0,0,0
"NY","Rensselaer",0,0,-1
"NY","Richmond",0,1,-1
"NY","Rockland",1,0,0
"NY","Saint Lawrence",0,0,-1
"NY","Saratoga",1,0,-1
"NY","Schenectady",0,0,0
"NY","Schoharie",0,0,0
"NY","Schuyler",0,0,0
"NY","Seneca",1,0,-1
"NY","Steuben",0,0,0
"NY","Suffolk",0,0,-1
"NY","Sullivan",1,0,-1
"NY","Tioga",0,0,0
"NY","Tompkins",0,0,0
"NY","Ulster",0,0,0
"NY","Warren",1,0,-1
"NY","Washington",1,0,-1
"NY","Wayne",0,0,0
"NY","Westchester",0,0,0
"NY","Wyoming",0,0,0
"NY","Yates",0,0,0
"OH","Adams",0,0,0
"OH","Allen",0,0,0
"OH","Ashland",0,0,0
"OH","Ashtabula",0,0,-1
"OH","Athens",0,0,0
"OH","Auglaize",0,0,0
"OH","Belmont",0,-1,0
"OH","Brown",0,0,0
"OH","Butler",0,0,0
"OH","Carroll",0,0,0
"OH","Champaign",0,0,0
"OH","Clark",0,0,0
"OH","Clermont",0,0,0
"OH","Clinton",0,0,0
"OH","Columbiana",0,0,0
"OH","Coshocton",0,0,0
"OH","Crawford",0,0,0
"OH","Cuyahoga",0,0,0
"OH","Darke",0,0,0
"OH","Defiance",0,0,0
"OH","Delaware",0,0,0
"OH","Erie",0,0,-1
"OH","Fairfield",0,0,0
"OH","Fayette",0,0,0
"OH","Franklin",0,0,0
"OH","Fulton",0,0,0
"OH","Gallia",0,0,0
"OH","Geauga",0,0,0
"OH","Greene",0,0,0
"OH","Guernsey",0,0,0
"OH","Hamilton",1,0,0
"OH","Hancock",0,0,0
"OH","Hardin",0,0,0
"OH","Harrison",0,0,0
"OH","Henry",0,0,0
"OH","Highland",0,0,0
"OH","Hocking",0,0,0
"OH","Holmes",0,0,0
"OH","Huron",0,0,0
"OH","Jackson",0,0,0
"OH","Jefferson",0,-1,0
"OH","Knox",0,0,0
"OH","Lake",1,-1,0
"OH","Lawrence",0,0,0
"OH","Licking",0,0,0
"OH","Logan",0,0,0
"OH","Lorain",0,0,-1
"OH","Lucas",0,0,0
"OH","Madison",0,0,0
"OH","Mahoning",0,0,0
"OH","Marion",0,0,0
"OH","Medina",0,0,0
"OH","Meigs",0,0,0
"OH","Mercer",0,0,0
"OH","Miami",0,0,0
"OH","Monroe",0,-1,0
"OH","Montgomery",0,0,-1
"OH","Morgan",0,0,0
"OH","Morrow",0,0,0
"OH","Muskingum",0,0,0
"OH","Noble",0,0,0
"OH","Ottawa",1,0,-1
"OH","Paulding",0,0,0
"OH","Perry",0,0,0
"OH","Pickaway",0,0,0
"OH","Pike",0,0,0
"OH","Portage",0,0,-1
"OH","Preble",0,0,0
"OH","Putnam",0,0,0
"OH","Richland",0,0,0
"OH","Ross",0,0,0
"OH","Sandusky",1,0,-1
"OH","Scioto",0,0,0
"OH","Seneca",0,0,0
"OH","Shelby",0,0,0
"OH","Stark",0,-1,0
"OH","Summit",0,0,0
"OH","Trumbull",0,0,-1
"OH","Tuscarawas",1,-1,0
"OH","Union",0,0,0
"OH","Van Wert",0,0,0
"OH","Vinton",0,0,0
"OH","Warren",0,0,0
"OH","Washington",0,0,0
"OH","Wayne",0,0,0
"OH","Williams",0,0,0
"OH","Wood",1,0,-1
"OH","Wyandot",0,0,0
"OK","Adair",0,0,0
"OK","Alfalfa",0,0,0
"OK","Atoka",0,0,0
"OK","Beaver",0,0,0
"OK","Beckham",0,0,0
"OK","Blaine",0,0,0
"OK","Bryan",0,0,0
"OK","Caddo",0,0,0
"OK","Canadian",0,0,0
"OK","Carter",0,0,0
"OK","Cherokee",0,0,0
"OK","Choctaw",0,0,0
"OK","Cimarron",0,0,0
"OK","Cleveland",0,0,0
"OK","Coal",0,0,0
"OK","Comanche",0,0,0
"OK","Cotton",0,0,0
"OK","Craig",0,0,0
"OK","Creek",0,0,0
"OK","Custer",0,0,0
"OK","Delaware",0,0,0
"OK","Dewey",0,0,0
"OK","Ellis",0,0,0
"OK","Garfield",0,0,0
"OK","Garvin",0,0,0
"OK","Grady",0,0,0
"OK","Grant",0,0,0
"OK","Greer",0,0,0
"OK","Harmon",0,0,0
"OK","Harper",0,0,0
"OK","Haskell",0,0,0
"OK","Hughes",0,0,0
"OK","Jackson",0,0,0
"OK","Jefferson",0,0,0
"OK","Johnston",0,0,0
"OK","Kay",0,0,0
"OK","Kingfisher",0,0,0
"OK","Kiowa",0,0,0
"OK","Latimer",0,0,0
"OK","LeFlore",0,0,0
"OK","Lincoln",0,0,0
"OK","Logan",0,0,0
"OK","Love",0,0,0
"OK","Major",0,0,0
"OK","Marshall",0,0,0
"OK","Mayes",0,0,0
"OK","McClain",0,0,0
"OK","McCurtain",0,0,0
"OK","McIntosh",0,0,0
"OK","Murray",0,0,0
"OK","Muskogee",0,0,0
"OK","Noble",0,0,0
"OK","Nowata",0,0,0
"OK","Okfuskee",0,0,0
"OK","Oklahoma",0,0,0
"OK","Okmulgee",0,0,0
"OK","Osage",0,0,0
"OK","Ottawa",0,0,0
"OK","Pawnee",0,0,0
"OK","Payne",0,0,0
"OK","Pittsburg",0,0,0
"OK","Pontotoc",0,0,0
"OK","Pottawatomie",0,0,0
"OK","Pushmataha",0,0,0
"OK","Roger Mills",0,0,0
"OK","Rogers",0,0,0
"OK","Seminole",0,0,0
"OK","Sequoyah",0,0,0
"OK","Stephens",0,0,0
"OK","Texas",0,0,0
"OK","Tillman",0,0,0
"OK","Tulsa",0,0,0
"OK","Wagoner",0,0,0
"OK","Washington",0,0,0
"OK","Washita",0,0,0
"OK","Woods",0,0,0
"OK","Woodward",0,0,0
"OR","Baker",0,0,0
"OR","Benton",0,0,0
"OR","Clackamas",1,0,0
"OR","Clatsop",0,0,0
"OR","Columbia",0,0,-1
"OR","Coos",0,0,0
"OR","Crook",0,0,0
"OR","Curry",0,0,0
"OR","Deschutes",0,0,0
"OR","Douglas",0,0,0
"OR","Gilliam",0,0,0
"OR","Grant",0,0,0
"OR","Harney",0,0,0
"OR","Hood River",0,0,0
"OR","Jackson",1,-1,0
"OR","Jefferson",0,0,0
"OR","Josephine",0,0,0
"OR","Klamath",0,0,0
"OR","Lake",0,0,0
"OR","Lane",0,0,0
"OR","Lincoln",0,0,0
"OR","Linn",0,0,0
"OR","Malheur",0,0,0
"OR","Marion",1,-1,0
"OR","Morrow",0,0,0
"OR","Multnomah",0,0,0
"OR","Polk",0,0,0
"OR","Sherman",0,0,0
"OR","Tillamook",1,0,-1
"OR","Umatilla",0,0,0
"OR","Union",0,0,0
"OR","Wallowa",0,0,0
"OR","Wasco",1,-1,0
"OR","Washington",0,0,0
"OR","Wheeler",0,0,0
"OR","Yamhill",0,0,0
"PA","Adams",0,0,0
"PA","Allegheny",0,0,0
"PA","Armstrong",0,0,0
"PA","Beaver",-1,0,0
"PA","Bedford",0,0,0
"PA","Berks",1,-1,0
"PA","Blair",0,0,0
"PA","Bradford",0,0,0
"PA","Bucks",0,0,0
"PA","Butler",0,0,0
"PA","Cambria",1,-1,0
"PA","Cameron",0,0,0
"PA","Carbon",1,-1,0
"PA","Centre",1,-1,1
"PA","Chester",1,-1,1
"PA","Clarion",0,0,0
"PA","Clearfield",0,0,0
"PA","Clinton",0,0,0
"PA","Columbia",0,0,0
"PA","Crawford",0,0,0
"PA","Cumberland",0,0,0
"PA","Dauphin",1,0,0
"PA","Delaware",0,0,0
"PA","Elk",1,-1,0
"PA","Erie",0,0,-1
"PA","Fayette",-1,0,0
"PA","Forest",0,0,0
"PA","Franklin",0,0,0
"PA","Fulton",0,0,0
"PA","Greene",0,0,0
"PA","Huntingdon",0,0,0
"PA","Indiana",0,0,0
"PA","Jefferson",0,0,0
"PA","Juniata",0,0,0
"PA","Lackawanna",0,0,0
"PA","Lancaster",0,0,0
"PA","Lawrence",0,0,0
"PA","Lebanon",0,0,0
"PA","Lehigh",0,0,0
"PA","Luzerne",0,0,-1
"PA","Lycoming",0,0,0
"PA","McKean",0,0,0
"PA","Mercer",0,0,0
"PA","Mifflin",0,0,0
"PA","Monroe",1,0,0
"PA","Montgomery",0,0,0
"PA","Montour",0,0,0
"PA","Northampton",0,0,-1
"PA","Northumberland",0,0,0
"PA","Perry",0,0,0
"PA","Philadelphia",0,0,0
"PA","Pike",0,0,0
"PA","Potter",0,0,0
"PA","Schuylkill",0,0,0
"PA","Snyder",0,0,0
"PA","Somerset",0,0,0
"PA","Sullivan",0,0,0
"PA","Susquehanna",0,0,0
"PA","Tioga",0,0,0
"PA","Union",0,0,0
"PA","Venango",0,0,0
"PA","Warren",0,0,0
"PA","Washington",-1,0,0
"PA","Wayne",0,0,0
"PA","Westmoreland",0,0,0
"PA","Wyoming",0,0,0
"PA","York",0,0,0
"RI","Bristol",0,0,0
"RI","Kent",0,0,-1
"RI","Newport",0,0,0
"RI","Providence",0,0,0
"RI","Washington",0,0,0
"SC","Abbeville",0,0,0
"SC","Aiken",0,0,0
"SC","Allendale",0,0,0
"SC","Anderson",0,0,0
"SC","Bamberg",0,0,0
"SC","Barnwell",1,0,-1
"SC","Beaufort",0,0,0
"SC","Berkeley",0,0,0
"SC","Calhoun",1,0,-1
"SC","Charleston",1,0,0
"SC","Cherokee",0,0,0
"SC","Chester",1,0,-1
"SC","Chesterfield",0,0,0
"SC","Clarendon",0,0,0
"SC","Colleton",1,0,-1
"SC","Darlington",0,1,-1
"SC","Dillon",0,0,0
"SC","Dorchester",0,0,0
"SC","Edgefield",0,0,0
"SC","Fairfield",0,0,0
"SC","Florence",0,0,0
"SC","Georgetown",0,0,0
"SC","Greenville",0,0,0
"SC","Greenwood",0,0,0
"SC","Hampton",0,0,0
"SC","Horry",0,0,0
"SC","Jasper",0,0,0
"SC","Kershaw",0,0,0
"SC","Lancaster",0,0,0
"SC","Laurens",0,0,0
"SC","Lee",0,0,0
"SC","Lexington",0,0,0
"SC","Marion",1,0,0
"SC","Marlboro",0,0,0
"SC","McCormick",0,0,-1
"SC","Newberry",0,0,0
"SC","Oconee",0,0,0
"SC","Orangeburg",0,0,0
"SC","Pickens",0,0,0
"SC","Richland",0,0,0
"SC","Saluda",0,0,0
"SC","Spartanburg",0,0,0
"SC","Sumter",0,0,0
"SC","Union",0,0,0
"SC","Williamsburg",0,0,0
"SC","York",0,0,0
"SD","Aurora",0,0,0
"SD","Beadle",0,0,0
"SD","Bennett",0,0,0
"SD","Bon Homme",0,0,0
"SD","Brookings",1,-1,0
"SD","Brown",1,-1,0
"SD","Brule",0,0,0
"SD","Buffalo",0,0,0
"SD","Butte",0,0,0
"SD","Campbell",0,0,0
"SD","Charles Mix",0,0,0
"SD","Clark",0,0,0
"SD","Clay",0,0,0
"SD","Codington",0,0,0
"SD","Corson",0,0,-1
"SD","Custer",0,0,0
"SD","Davison",0,0,0
"SD","Day",0,0,-1
"SD","Deuel",0,0,0
"SD","Dewey",0,0,0
"SD","Douglas",0,0,0
"SD","Edmunds",0,0,0
"SD","Fall River",0,0,0
"SD","Faulk",0,0,0
"SD","Grant",0,0,0
"SD","Gregory",0,0,0
"SD","Haakon",0,0,0
"SD","Hamlin",0,0,0
"SD","Hand",0,0,0
"SD","Hanson",0,0,0
"SD","Harding",0,0,0
"SD","Hughes",0,0,0
"SD","Hutchinson",0,0,0
"SD","Hyde",0,0,0
"SD","Jackson",0,0,0
"SD","Jerauld",0,0,0
"SD","Jones",0,0,0
"SD","Kingsbury",0,0,0
"SD","Lake",1,-1,0
"SD","Lawrence",0,0,0
"SD","Lincoln",0,0,0
"SD","Lyman",0,0,0
"SD","Marshall",1,0,-1
"SD","McCook",0,0,0
"SD","McPherson",0,0,0
"SD","Meade",0,0,0
"SD","Mellette",0,0,0
"SD","Miner",1,-1,0
"SD","Minnehaha",1,-1,0
"SD","Moody",1,-1,0
"SD","Pennington",0,0,0
"SD","Perkins",0,0,0
"SD","Potter",0,0,0
"SD","Roberts",0,0,-1
"SD","Sanborn",0,0,0
"SD","Shannon",0,0,0
"SD","Spink",0,0,0
"SD","Stanley",0,0,0
"SD","Sully",0,0,0
"SD","Todd",0,0,0
"SD","Tripp",0,0,0
"SD","Turner",0,0,0
"SD","Union",0,0,0
"SD","Walworth",0,0,0
"SD","Yankton",0,0,0
"SD","Ziebach",0,0,-1
"TN","Anderson",0,0,0
"TN","Bedford",0,0,0
"TN","Benton",-1,0,0
"TN","Bledsoe",0,0,0
"TN","Blount",0,0,0
"TN","Bradley",0,0,0
"TN","Campbell",0,0,0
"TN","Cannon",0,0,0
"TN","Carroll",0,0,0
"TN","Carter",0,0,0
"TN","Cheatham",0,0,0
"TN","Chester",0,0,0
"TN","Claiborne",0,0,0
"TN","Clay",-1,0,0
"TN","Cocke",0,0,0
"TN","Coffee",0,0,0
"TN","Crockett",0,0,0
"TN","Cumberland",0,0,0
"TN","Davidson",0,0,0
"TN","Decatur",0,0,0
"TN","DeKalb",0,0,0
"TN","Dickson",0,0,0
"TN","Dyer",0,0,0
"TN","Fayette",0,0,0
"TN","Fentress",0,0,0
"TN","Franklin",0,0,0
"TN","Gibson",0,0,0
"TN","Giles",0,0,0
"TN","Grainger",0,0,0
"TN","Greene",0,0,0
"TN","Grundy",-1,0,0
"TN","Hamblen",0,0,0
"TN","Hamilton",0,0,0
"TN","Hancock",0,0,0
"TN","Hardeman",0,0,-1
"TN","Hardin",0,0,0
"TN","Hawkins",0,0,0
"TN","Haywood",0,0,0
"TN","Henderson",0,0,0
"TN","Henry",0,0,0
"TN","Hickman",0,0,0
"TN","Houston",0,-1,0
"TN","Humphreys",-1,0,0
"TN","Jackson",0,-1,0
"TN","Jefferson",0,0,0
"TN","Johnson",0,0,0
"TN","Knox",0,0,0
"TN","Lake",-1,0,0
"TN","Lauderdale",-1,0,0
"TN","Lawrence",0,0,0
"TN","Lewis",0,0,0
"TN","Lincoln",0,0,0
"TN","Loudon",0,0,0
"TN","Macon",0,0,0
"TN","Madison",0,0,0
"TN","Marion",0,0,0
"TN","Marshall",0,0,0
"TN","Maury",0,0,0
"TN","McMinn",0,0,0
"TN","McNairy",0,0,0
"TN","Meigs",0,0,0
"TN","Monroe",0,0,0
"TN","Montgomery",0,0,0
"TN","Moore",0,0,0
"TN","Morgan",0,0,0
"TN","Obion",0,0,0
"TN","Overton",-1,0,0
"TN","Perry",-1,0,0
"TN","Pickett",0,0,0
"TN","Polk",0,0,0
"TN","Putnam",0,0,0
"TN","Rhea",0,0,0
"TN","Roane",0,0,0
"TN","Robertson",0,0,0
"TN","Rutherford",0,0,0
"TN","Scott",0,0,0
"TN","Sequatchie",0,0,0
"TN","Sevier",0,0,0
"TN","Shelby",0,0,0
"TN","Smith",-1,0,0
"TN","Stewart",-1,0,0
"TN","Sullivan",0,0,0
"TN","Sumner",0,0,0
"TN","Tipton",0,0,0
"TN","Trousdale",-1,0,0
"TN","Unicoi",0,0,0
"TN","Union",0,0,0
"TN","Van Buren",-1,0,0
"TN","Warren",0,0,0
"TN","Washington",0,0,0
"TN","Wayne",0,0,0
"TN","Weakley",0,0,0
"TN","White",0,0,0
"TN","Williamson",0,0,0
"TN","Wilson",0,0,0
"TX","Anderson",0,0,0
"TX","Andrews",0,0,0
"TX","Angelina",0,0,0
"TX","Aransas",0,0,0
"TX","Archer",0,0,0
"TX","Armstrong",0,0,0
"TX","Atascosa",0,0,0
"TX","Austin",0,0,0
"TX","Bailey",0,0,0
"TX","Bandera",0,0,0
"TX","Bastrop",0,0,0
"TX","Baylor",0,0,0
"TX","Bee",0,0,0
"TX","Bell",0,0,0
"TX","Bexar",1,0,0
"TX","Blanco",0,0,0
"TX","Borden",0,0,0
"TX","Bosque",0,0,0
"TX","Bowie",0,0,0
"TX","Brazoria",0,0,0
"TX","Brazos",0,0,0
"TX","Brewster",1,-1,0
"TX","Briscoe",0,0,0
"TX","Brooks",0,0,0
"TX","Brown",0,0,0
"TX","Burleson",0,0,0
"TX","Burnet",0,0,0
"TX","Caldwell",0,0,0
"TX","Calhoun",0,0,0
"TX","Callahan",0,0,0
"TX","Cameron",1,0,0
"TX","Camp",0,0,0
"TX","Carson",0,0,0
"TX","Cass",0,0,0
"TX","Castro",0,0,0
"TX","Chambers",0,0,0
"TX","Cherokee",0,0,0
"TX","Childress",0,0,0
"TX","Clay",0,0,0
"TX","Cochran",0,0,0
"TX","Coke",0,0,0
"TX","Coleman",0,0,0
"TX","Collin",0,0,0
"TX","Collingsworth",0,0,0
"TX","Colorado",0,0,0
"TX","Comal",0,0,0
"TX","Comanche",0,0,0
"TX","Concho",0,0,0
"TX","Cooke",0,0,0
"TX","Coryell",0,0,0
"TX","Cottle",0,0,0
"TX","Crane",0,0,0
"TX","Crockett",0,0,0
"TX","Crosby",0,0,0
"TX","Culberson",1,0,0
"TX","Dallam",0,0,0
"TX","Dallas",1,0,0
"TX","Dawson",0,0,0
"TX","Deaf Smith",0,0,0
"TX","Delta",0,0,0
"TX","Denton",0,0,0
"TX","DeWitt",0,0,0
"TX","Dickens",0,0,0
"TX","Dimmit",0,0,0
"TX","Donley",0,0,0
"TX","Duval",0,0,0
"TX","Eastland",0,0,0
"TX","Ector",0,0,0
"TX","Edwards",0,0,0
"TX","El Paso",0,0,0
"TX","Ellis",0,0,0
"TX","Erath",0,0,0
"TX","Falls",0,0,0
"TX","Fannin",0,0,0
"TX","Fayette",0,0,0
"TX","Fisher",0,0,0
"TX","Floyd",0,0,0
"TX","Foard",0,0,0
"TX","Fort Bend",0,0,1
"TX","Franklin",0,0,0
"TX","Freestone",0,0,0
"TX","Frio",1,0,0
"TX","Gaines",0,0,0
"TX","Galveston",0,0,0
"TX","Garza",0,0,0
"TX","Gillespie",0,0,0
"TX","Glasscock",0,0,0
"TX","Goliad",0,0,0
"TX","Gonzales",0,0,0
"TX","Gray",0,0,0
"TX","Grayson",0,0,0
"TX","Gregg",0,0,0
"TX","Grimes",0,0,0
"TX","Guadalupe",0,0,0
"TX","Hale",0,0,0
"TX","Hall",0,0,0
"TX","Hamilton",0,0,0
"TX","Hansford",0,0,0
"TX","Hardeman",0,0,0
"TX","Hardin",0,0,0
"TX","Harris",1,0,0
"TX","Harrison",0,0,0
"TX","Hartley",0,0,0
"TX","Haskell",0,0,0
"TX","Hays",0,0,0
"TX","Hemphill",0,0,0
"TX","Henderson",0,0,0
"TX","Hidalgo",0,0,0
"TX","Hill",0,0,0
"TX","Hockley",0,0,0
"TX","Hood",0,0,0
"TX","Hopkins",0,0,0
"TX","Houston",0,0,0
"TX","Howard",0,0,0
"TX","Hudspeth",0,0,0
"TX","Hunt",0,0,0
"TX","Hutchinson",0,0,0
"TX","Irion",0,0,0
"TX","Jack",0,0,0
"TX","Jackson",0,0,0
"TX","Jasper",0,0,0
"TX","Jeff Davis",0,0,0
"TX","Jefferson",0,0,-1
"TX","Jim Hogg",0,0,0
"TX","Jim Wells",0,0,0
"TX","Johnson",0,0,0
"TX","Jones",0,0,0
"TX","Karnes",0,0,0
"TX","Kaufman",0,0,0
"TX","Kendall",0,0,0
"TX","Kenedy",0,-1,1
"TX","Kent",0,0,0
"TX","Kerr",0,0,0
"TX","Kimble",0,0,0
"TX","King",0,0,0
"TX","Kinney",0,0,0
"TX","Kleberg",1,0,0
"TX","Knox",0,0,0
"TX","La Salle",0,0,0
"TX","La Vaca",0,0,0
"TX","Lamar",0,0,0
"TX","Lamb",0,0,0
"TX","Lampasas",0,0,0
"TX","Lee",0,0,0
"TX","Leon",0,0,0
"TX","Liberty",0,0,0
"TX","Limestone",0,0,0
"TX","Lipscomb",0,0,0
"TX","Live Oak",0,0,0
"TX","Llano",0,0,0
"TX","Loving",0,0,0
"TX","Lubbock",0,0,0
"TX","Lynn",0,0,0
"TX","Madison",0,0,0
"TX","Marion",0,0,0
"TX","Martin",0,0,0
"TX","Mason",0,0,0
"TX","Matagorda",0,0,0
"TX","Maverick",0,0,0
"TX","McCulloch",0,0,0
"TX","McLennan",0,0,0
"TX","McMullen",0,0,0
"TX","Medina",0,0,0
"TX","Menard",0,0,0
"TX","Midland",0,0,0
"TX","Milam",0,0,0
"TX","Mills",0,0,0
"TX","Mitchell",0,0,0
"TX","Montague",0,0,0
"TX","Montgomery",0,0,0
"TX","Moore",0,0,0
"TX","Morris",0,0,0
"TX","Motley",0,0,0
"TX","Nacogdoches",0,0,0
"TX","Navarro",0,0,0
"TX","Newton",0,0,0
"TX","Nolan",0,0,0
"TX","Nueces",0,0,0
"TX","Ochiltree",0,0,0
"TX","Oldham",0,0,0
"TX","Orange",0,0,0
"TX","Palo Pinto",0,0,0
"TX","Panola",0,0,0
"TX","Parker",0,0,0
"TX","Parmer",0,0,0
"TX","Pecos",0,0,0
"TX","Polk",0,0,0
"TX","Potter",0,0,0
"TX","Presidio",0,0,0
"TX","Rains",0,0,0
"TX","Randall",0,0,0
"TX","Reagan",0,0,0
"TX","Real",0,0,0
"TX","Red River",0,0,0
"TX","Reeves",1,0,0
"TX","Refugio",0,0,0
"TX","Roberts",0,0,0
"TX","Robertson",0,0,0
"TX","Rockwall",0,0,0
"TX","Runnels",0,0,0
"TX","Rusk",0,0,0
"TX","Sabine",0,0,0
"TX","San Augustine",0,0,0
"TX","San Jacinto",0,0,0
"TX","San Patricio",0,0,0
"TX","San Saba",0,0,0
"TX","Schleicher",0,0,0
"TX","Scurry",0,0,0
"TX","Shackelford",0,0,0
"TX","Shelby",0,0,0
"TX","Sherman",0,0,0
"TX","Smith",0,0,0
"TX","Somervell",0,0,0
"TX","Starr",0,0,0
"TX","Stephens",0,0,0
"TX","Sterling",0,0,0
"TX","Stonewall",0,0,0
"TX","Sutton",0,0,0
"TX","Swisher",0,0,0
"TX","Tarrant",0,0,0
"TX","Taylor",0,0,0
"TX","Terrell",0,0,0
"TX","Terry",0,0,0
"TX","Throckmorton",0,0,0
"TX","Titus",0,0,0
"TX","Tom Green",0,0,0
"TX","Travis",0,0,0
"TX","Trinity",0,0,0
"TX","Tyler",0,0,0
"TX","Upshur",0,0,0
"TX","Upton",0,0,0
"TX","Uvalde",0,0,0
"TX","Val Verde",1,0,0
"TX","Van Zandt",0,0,0
"TX","Victoria",0,0,0
"TX","Walker",0,0,0
"TX","Waller",0,0,0
"TX","Ward",0,0,0
"TX","Washington",0,0,0
"TX","Webb",0,0,0
"TX","Wharton",0,0,0
"TX","Wheeler",0,0,0
"TX","Wichita",0,0,0
"TX","Wilbarger",0,0,0
"TX","Willacy",0,0,0
"TX","Williamson",0,0,0
"TX","Wilson",0,0,0
"TX","Winkler",0,0,0
"TX","Wise",0,0,0
"TX","Wood",0,0,0
"TX","Yoakum",0,0,0
"TX","Young",0,0,0
"TX","Zapata",0,0,0
"TX","Zavala",0,0,0
"UT","Beaver",0,0,0
"UT","Box Elder",0,0,0
"UT","Cache",0,0,0
"UT","Carbon",0,0,0
"UT","Daggett",0,0,0
"UT","Davis",0,0,0
"UT","Duchesne",0,0,0
"UT","Emery",0,0,0
"UT","Garfield",0,0,0
"UT","Grand",1,-1,0
"UT","Iron",0,0,0
"UT","Juab",0,0,0
"UT","Kane",0,0,0
"UT","Millard",0,0,0
"UT","Morgan",0,0,0
"UT","Piute",0,0,0
"UT","Rich",0,0,0
"UT","Salt Lake",1,-1,1
"UT","San Juan",0,0,0
"UT","Sanpete",0,0,0
"UT","Sevier",0,0,0
"UT","Summit",1,-1,1
"UT","Tooele",0,0,0
"UT","Uintah",0,0,0
"UT","Utah",0,0,0
"UT","Wasatch",0,0,0
"UT","Washington",0,0,0
"UT","Wayne",0,0,0
"UT","Weber",0,0,0
"VA","Accomack",0,0,0
"VA","Albemarle",0,0,0
"VA","Alexandria",0,0,0
"VA","Alleghany",0,0,0
"VA","Amelia",0,0,0
"VA","Amherst",0,0,0
"VA","Appomattox",0,0,0
"VA","Arlington",0,0,0
"VA","Augusta",0,0,0
"VA","Bath",0,0,0
"VA","Bedford",0,0,0
"VA","Bedford City",0,0,0
"VA","Bland",0,0,0
"VA","Botetourt",0,0,0
"VA","Bristol",0,0,0
"VA","Brunswick",0,0,0
"VA","Buchanan",-1,0,0
"VA","Buckingham",1,0,-1
"VA","Buena Vista",0,0,0
"VA","Campbell",0,0,0
"VA","Caroline",1,0,-1
"VA","Carroll",0,0,0
"VA","Charles City",0,0,0
"VA","Charlotte",0,0,0
"VA","Charlottesville",0,0,0
"VA","Chesapeake",1,0,-1
"VA","Chesterfield",0,0,0
"VA","Clarke",0,0,0
"VA","Colonial Heights",0,0,0
"VA","Covington",0,0,-1
"VA","Craig",0,0,0
"VA","Culpeper",0,0,0
"VA","Cumberland",0,0,0
"VA","Danville",0,0,0
"VA","Dickenson",-1,0,0
"VA","Dinwiddie",0,0,0
"VA","Emporia",0,0,0
"VA","Essex",1,0,-1
"VA","Fairfax",0,0,0
"VA","Fairfax City",0,0,0
"VA","Falls Church",0,0,0
"VA","Fauquier",0,0,0
"VA","Floyd",0,0,0
"VA","Fluvanna",0,0,0
"VA","Franklin",0,0,0
"VA","Franklin City",0,0,0
"VA","Frederick",0,0,0
"VA","Fredericksburg",0,0,0
"VA","Galax",0,0,0
"VA","Giles",0,0,0
"VA","Gloucester",0,0,0
"VA","Goochland",0,0,0
"VA","Grayson",0,0,0
"VA","Greene",0,0,0
"VA","Greensville",0,0,0
"VA","Halifax",0,0,0
"VA","Hampton",0,0,0
"VA","Hanover",0,0,0
"VA","Harrisonburg",1,0,0
"VA","Henrico",1,0,0
"VA","Henry",0,0,0
"VA","Highland",0,0,0
"VA","Hopewell",1,0,0
"VA","Isle of Wight",0,0,0
"VA","James City",0,0,0
"VA","King and Queen",1,-1,0
"VA","King George",0,0,0
"VA","King William",0,0,0
"VA","Lancaster",0,0,0
"VA","Lee",0,0,0
"VA","Lexington",0,0,0
"VA","Loudoun",1,0,0
"VA","Louisa",0,0,0
"VA","Lunenburg",0,0,0
"VA","Lynchburg",0,0,0
"VA","Madison",0,0,0
"VA","Manassas",1,0,0
"VA","Manassas Park",1,0,0
"VA","Martinsville",0,0,0
"VA","Mathews",0,0,0
"VA","Mecklenburg",0,0,0
"VA","Middlesex",0,0,0
"VA","Montgomery",1,-1,1
"VA","Nelson",0,0,-1
"VA","New Kent",0,0,0
"VA","Newport News",0,0,0
"VA","Norfolk",0,0,0
"VA","Northampton",0,0,0
"VA","Northumberland",0,0,0
"VA","Norton",0,0,0
"VA","Nottoway",0,0,0
"VA","Orange",0,0,0
"VA","Page",0,0,0
"VA","Patrick",0,0,0
"VA","Petersburg",0,0,0
"VA","Pittsylvania",0,0,0
"VA","Poquoson",0,0,0
"VA","Portsmouth",0,0,0
"VA","Powhatan",0,0,0
"VA","Prince Edward",0,0,0
"VA","Prince George",0,0,0
"VA","Prince William",1,0,0
"VA","Pulaski",0,0,0
"VA","Radford",1,0,0
"VA","Rappahannock",0,0,0
"VA","Richmond",0,0,0
"VA","Richmond City",0,0,0
"VA","Roanoke",0,0,0
"VA","Roanoke City",0,0,0
"VA","Rockbridge",0,0,0
"VA","Rockingham",0,0,0
"VA","Russell",0,0,0
"VA","Salem",0,0,0
"VA","Scott",0,0,0
"VA","Shenandoah",0,0,0
"VA","Smyth",0,0,0
"VA","Southampton",0,0,0
"VA","Spotsylvania",0,0,0
"VA","Stafford",0,0,0
"VA","Staunton",1,0,0
"VA","Suffolk",1,0,0
"VA","Surry",0,0,0
"VA","Sussex",0,0,0
"VA","Tazewell",0,0,0
"VA","Virginia Beach",0,0,0
"VA","Warren",0,0,0
"VA","Washington",0,0,0
"VA","Waynesboro",0,0,0
"VA","Westmoreland",1,0,-1
"VA","Williamsburg",0,0,0
"VA","Winchester",1,0,0
"VA","Wise",0,0,0
"VA","Wythe",0,0,0
"VA","York",0,0,0
"VT","Addison",0,0,0
"VT","Bennington",0,0,0
"VT","Caledonia",0,0,0
"VT","Chittenden",0,0,0
"VT","Essex",1,0,-1
"VT","Franklin",0,0,0
"VT","Grand Isle",0,0,0
"VT","Lamoille",0,0,0
"VT","Orange",0,0,0
"VT","Orleans",0,0,0
"VT","Rutland",0,0,0
"VT","Washington",0,0,0
"VT","Windham",0,0,0
"VT","Windsor",0,0,0
"WA","Adams",0,0,0
"WA","Asotin",0,0,0
"WA","Benton",0,0,0
"WA","Chelan",0,0,0
"WA","Clallam",1,0,-1
"WA","Clark",1,0,0
"WA","Columbia",0,0,0
"WA","Cowlitz",0,0,-1
"WA","Douglas",0,0,0
"WA","Ferry",0,0,0
"WA","Franklin",0,0,0
"WA","Garfield",0,0,0
"WA","Grant",0,0,0
"WA","Grays Harbor",0,0,-1
"WA","Island",1,0,0
"WA","Jefferson",0,0,0
"WA","King",0,0,0
"WA","Kitsap",0,0,0
"WA","Kittitas",0,0,0
"WA","Klickitat",1,-1,0
"WA","Lewis",0,0,0
"WA","Lincoln",0,0,0
"WA","Mason",0,0,-1
"WA","Okanogan",0,0,0
"WA","Pacific",0,0,-1
"WA","Pend Oreille",0,0,0
"WA","Pierce",0,0,0
"WA","San Juan",0,0,0
"WA","Skagit",1,0,0
"WA","Skamania",1,-1,0
"WA","Snohomish",0,0,0
"WA","Spokane",0,0,0
"WA","Stevens",0,0,0
"WA","Thurston",0,0,0
"WA","Wahkiakum",1,-1,0
"WA","Walla Walla",0,0,0
"WA","Whatcom",0,0,0
"WA","Whitman",1,-1,1
"WA","Yakima",0,0,0
"WI","Adams",0,0,-1
"WI","Ashland",0,0,0
"WI","Barron",1,-1,0
"WI","Bayfield",0,0,0
"WI","Brown",1,-1,0
"WI","Buffalo",0,0,-1
"WI","Burnett",1,-1,0
"WI","Calumet",1,-1,0
"WI","Chippewa",1,-1,0
"WI","Clark",1,-1,0
"WI","Columbia",1,0,-1
"WI","Crawford",0,0,-1
"WI","Dane",0,0,0
"WI","Dodge",0,0,0
"WI","Door",1,0,-1
"WI","Douglas",0,0,0
"WI","Dunn",0,0,-1
"WI","Eau Claire",0,0,0
"WI","Florence",0,0,0
"WI","Fond du Lac",0,0,0
"WI","Forest",1,0,-1
"WI","Grant",0,0,-1
"WI","Green",0,0,0
"WI","Green Lake",0,0,0
"WI","Iowa",0,0,0
"WI","Iron",0,-1,0
"WI","Jackson",0,0,-1
"WI","Jefferson",1,-1,0
"WI","Juneau",1,0,-1
"WI","Kenosha",0,0,-1
"WI","Kewaunee",1,-1,0
"WI","La Crosse",0,0,0
"WI","Lafayette",0,0,-1
"WI","Langlade",1,-1,0
"WI","Lincoln",1,0,-1
"WI","Manitowoc",1,-1,0
"WI","Marathon",1,-1,0
"WI","Marinette",1,-1,0
"WI","Marquette",1,0,-1
"WI","Menominee",0,0,0
"WI","Milwaukee",0,0,0
"WI","Monroe",1,-1,0
"WI","Oconto",1,-1,0
"WI","Oneida",1,-1,0
"WI","Outagamie",1,-1,0
"WI","Ozaukee",0,0,0
"WI","Pepin",0,0,-1
"WI","Pierce",0,-1,0
"WI","Polk",0,0,0
"WI","Portage",0,0,0
"WI","Price",0,0,-1
"WI","Racine",1,0,-1
"WI","Richland",1,0,-1
"WI","Rock",0,0,0
"WI","Rusk",1,-1,0
"WI","Sauk",0,0,0
"WI","Sawyer",1,0,-1
"WI","Shawano",1,-1,0
"WI","Sheboygan",0,0,0
"WI","St. Croix",0,0,0
"WI","Taylor",0,0,0
"WI","Trempealeau",0,0,-1
"WI","Vernon",0,0,-1
"WI","Vilas",0,0,0
"WI","Walworth",0,0,0
"WI","Washburn",1,-1,0
"WI","Washington",0,0,0
"WI","Waukesha",0,0,0
"WI","Waupaca",1,-1,0
"WI","Waushara",1,-1,0
"WI","Winnebago",1,0,-1
"WI","Wood",1,-1,0
"WV","Barbour",0,0,0
"WV","Berkeley",0,0,0
"WV","Boone",0,-1,0
"WV","Braxton",0,-1,0
"WV","Brooke",-1,0,0
"WV","Cabell",0,0,0
"WV","Calhoun",0,0,0
"WV","Clay",0,0,0
"WV","Doddridge",0,0,0
"WV","Fayette",-1,0,0
"WV","Gilmer",0,0,0
"WV","Grant",0,0,0
"WV","Greenbrier",0,0,0
"WV","Hampshire",0,0,0
"WV","Hancock",0,0,0
"WV","Hardy",0,0,0
"WV","Harrison",0,0,0
"WV","Jackson",0,0,0
"WV","Jefferson",1,-1,0
"WV","Kanawha",0,0,0
"WV","Lewis",0,0,0
"WV","Lincoln",-1,0,0
"WV","Logan",-1,0,0
"WV","Marion",1,-1,0
"WV","Marshall",0,0,0
"WV","Mason",0,0,0
"WV","McDowell",0,-1,0
"WV","Mercer",0,0,0
"WV","Mineral",0,0,0
"WV","Mingo",-1,0,0
"WV","Monongalia",1,-1,0
"WV","Monroe",0,0,0
"WV","Morgan",0,0,0
"WV","Nicholas",0,0,0
"WV","Ohio",0,0,0
"WV","Pendleton",0,0,0
"WV","Pleasants",0,0,0
"WV","Pocahontas",0,0,0
"WV","Preston",0,0,0
"WV","Putnam",0,0,0
"WV","Raleigh",0,0,0
"WV","Randolph",0,0,0
"WV","Ritchie",0,0,0
"WV","Roane",0,0,0
"WV","Summers",0,0,0
"WV","Taylor",0,0,0
"WV","Tucker",0,0,0
"WV","Tyler",0,0,0
"WV","Upshur",0,0,0
"WV","Wayne",0,0,0
"WV","Webster",0,-1,0
"WV","Wetzel",0,0,0
"WV","Wirt",0,0,0
"WV","Wood",0,0,0
"WV","Wyoming",0,0,0
"WY","Albany",1,-1,0
"WY","Big Horn",0,0,0
"WY","Campbell",0,0,0
"WY","Carbon",0,0,0
"WY","Converse",0,0,0
"WY","Crook",0,0,0
"WY","Fremont",0,0,0
"WY","Goshen",0,0,0
"WY","Hot Springs",0,0,0
"WY","Johnson",0,0,0
"WY","Laramie",0,0,0
"WY","Lincoln",0,0,0
"WY","Natrona",0,0,0
"WY","Niobrara",0,0,0
"WY","Park",0,0,0
"WY","Platte",0,0,0
"WY","Sheridan",0,0,0
"WY","Sublette",0,0,0
"WY","Sweetwater",0,0,0
"WY","Teton",0,0,0
"WY","Uinta",0,0,0
"WY","Washakie",0,0,0
"WY","Weston",0,0,0
